-- Populating Locations
SET IDENTITY_INSERT Locations ON;
INSERT INTO Locations (location_id, country, region, city, address)
VALUES
    (1, 'Romania', 'Constanta', 'Constanta', 'Str. Mircea cel Batran 10'),
    (2, 'Romania', 'Municipality of Bucharest', 'Bucharest', 'Calea Victoriei 100'),
    (3, 'Romania', 'Prahova', 'Sinaia', 'Str. Octavian Goga 5'),
    (4, 'Spain', 'Catalonia', 'Barcelona', 'Carrer de Mallorca 101'),
    (5, 'Colombia', 'Bogotá', 'Bogotá', 'Carrera 15 #23-10');
SET IDENTITY_INSERT Locations OFF;

-- Populating Suppliers
SET IDENTITY_INSERT Suppliers ON;
INSERT INTO Suppliers (supplier_id, company_name, contact_name, homepage, location_id)
VALUES
    (1, 'Latino Beans', 'Juan Perez', 'www.latinobeans.com', 5),
    (2, 'Iberian Goods', 'Carlos Garcia', 'www.iberiangoods.es', 4),
    (3, 'Andean Coffee', 'Maria Sanchez', 'www.andeancoffee.co', 5),
    (4, 'Amazon Flavors', 'Pedro Alvarado', 'www.amazonflavors.com', 5),
    (5, 'Mediterranean Spices', 'Ana Martinez', 'www.mediterraneanspices.com', 4);
SET IDENTITY_INSERT Suppliers OFF;

-- Populating Employees
SET IDENTITY_INSERT Employees ON;
INSERT INTO Employees (employee_id, chain_id, first_name, last_name, salary, birth_date, hire_date, phone, manager_id)
VALUES
    -- CEO (no manager)
    (1, 1,  'Diana', 'ADracula', 25000, '1785-05-15', '2010-06-01', '+40 123 456 789', NULL),
    -- Managers (report to CEO)
    (2, 1,  'Tudor', 'Frecus', 12000, '1990-07-10', '2015-03-01', '+40 234 567 890', 1),
    (3, 2,  'Matei', 'Aldea', 13000, '1985-09-12', '2018-08-15', '+40 345 678 901', 1),
    (4, 3,  'David', 'Aldea', 10000, '1992-02-18', '2020-05-10', '+40 456 789 012', 2),
    -- Employees (report to Managers)
    (5, 1, 'Radu', 'Diaconu', 3500, '1995-11-25', '2019-01-20', '+40 567 890 123', 3),
    (6, 1, 'Ana', 'Popa', 4000, '1993-04-30', '2020-02-15', '+40 678 901 234', 3),
    (7, 2, 'Cristian', 'Georgescu', 5000, '1997-08-05', '2022-03-10', '+40 789 012 345', 4),
    (8, 2, 'Andreea', 'Stoica', 3500, '1996-01-15', '2022-04-05', '+40 890 123 456', 4),
    (9, 3, 'Mihai', 'Popescu', 5000, '1998-03-20', '2022-05-01', '+40 901 234 567', 5),
    (10, 3, 'Maria', 'Ionescu', 4000, '1999-06-25', '2023-06-15', '+40 012 345 678', 5);
SET IDENTITY_INSERT Employees OFF;

-- Populating CoffeeStores
SET IDENTITY_INSERT CoffeeStores ON;
INSERT INTO CoffeeStores (coffee_store_id, store_name, location_id, manager_id, revenue_goal)
VALUES
    (1, 'BOB', 1, 2, 4000.00),
    (2, 'Energy by BOB', 2, 3, 5000.00),
    (3, 'BOB and all', 3, 4, 4000.00);
SET IDENTITY_INSERT CoffeeStores OFF;

-- Populating Customers
SET IDENTITY_INSERT Customers ON;
INSERT INTO Customers (customer_id, name, email, phone_number, registration_date, preffered_chain_id)
VALUES
    (1, 'Alice Walker', 'alice.walker@example.com', '+40 701 123 456', '2023-12-01', 1),
    (2, 'Bob Marley', 'bob.marley@example.com', '+40 702 234 567', '2023-11-15', 1),
    (3, 'Charlie Brown', 'charlie.brown@example.com', '+40 703 345 678', '2023-10-20', 1),
    (4, 'Diana Prince', 'diana.prince@example.com', '+40 704 456 789', '2023-09-12', 1),
    (5, 'Ethan Hunt', 'ethan.hunt@example.com', '+40 705 567 890', '2023-08-25', 2),
    (6, 'Fiona Apple', 'fiona@gmail.com', '+40 706 678 901', '2023-07-30', 2),
    (7, 'George Clooney', 'georgeCLY@gmail.com', '+40 707 789 012', '2023-06-15', 3),
    (8, 'Helen Mirren', 'mirren.helen@gmail.com', '+40 708 890 123', '2023-05-20', 3),
    (9, 'Irina Shayk', 'shaykTheOne@gmail.com', '+40 709 901 234', '2023-04-12', 3),
    (10, 'John Doe', 'the_deer@gmail.com', '+40 710 012 345', '2023-03-25', 3);

SET IDENTITY_INSERT Customers OFF;

-- Populating Products with coffee and food items
SET IDENTITY_INSERT Products ON;
INSERT INTO Products (product_id, supplier_id, name, category, unit_price)
VALUES
    (1, 1, 'Arabica Coffee', 'CoffeeBag', 50.0),
    (2, 2, 'Brazilian Beans', 'CoffeeBag', 60.00),
    (3, 3, 'Colombian Roast', 'CoffeeBag', 60.00),
    (4, 4, 'Peruvian Coffee', 'CoffeeBag', 65.00),
    (5, 5, 'Turkey Sandwich', 'Food', 39.00),
    (6, 1, 'Chocolate Cookies', 'Food', 24.00),
    (7, 2, 'Chicken Sandwich', 'Food', 33.00),
    (8, 3, 'Crackers', 'Food', 22.00),
    (9, 4, 'Latte', 'Beverage', 25.00),
    (10, 5, 'Mocha', 'Beverage', 29.00),
    (11, 1, 'Espresso', 'Beverage', 15.00),
    (12, 2, 'Cappuccino', 'Beverage', 25.00),
    (13, 3, 'Americano', 'Beverage', 20.00),
    (14, 4, 'Macchiato', 'Beverage', 25.00),
    (15, 5, 'Flat White', 'Beverage', 24.00),
    (16, 1, 'Tea', 'Beverage', 18.00),
    (17, 2, 'Hot Chocolate', 'Beverage', 28.00),
    (18, 3, 'Iced Coffee', 'Beverage', 28.00),
    (19, 4, 'Iced Tea', 'Beverage', 25.00),
    (20, 5, 'Smoothie', 'Beverage', 32.00);
SET IDENTITY_INSERT Products OFF;


-- Populating ProductInventory (products distributed to specific coffee stores)
SET IDENTITY_INSERT ProductInventory ON;
INSERT INTO ProductInventory (inventory_id, coffee_store_id, product_id, quantity, last_updated)
VALUES
    -- BOB constanta
    (1, 1, 1, 100, '2023-12-01'),
    (2, 1, 2, 50, '2023-12-01'),
    (3, 1, 5, 20, '2023-12-01'),
    (4, 1, 6, 30, '2023-12-01'),
    (5, 1, 9, 40, '2023-12-01'),
    (6, 1, 10, 30, '2023-12-01'),
    (7, 1, 11, 50, '2023-12-01'),
    (8, 1, 12, 40, '2023-12-01'),
    (9, 1, 15, 20, '2023-12-01'),
    (10, 1, 16, 30, '2023-12-01'),
    (11, 1, 17, 40, '2023-12-01'),
    (12, 1, 18, 50, '2023-12-01'),
    (13, 1, 19, 30, '2023-12-01'),
    (14, 1, 20, 20, '2023-12-01'),

    -- Energy by BOB Bucharest
    (15, 2, 3, 100, '2023-11-15'),
    (16, 2, 4, 50, '2023-11-15'),
    (17, 2, 7, 20, '2023-11-15'),
    (18, 2, 8, 30, '2023-11-15'),
    (19, 2, 9, 40, '2023-11-15'),
    (20, 2, 10, 30, '2023-11-15'),
    (21, 2, 13, 50, '2023-11-15'),
    (22, 2, 14, 40, '2023-11-15'),
    (23, 2, 15, 20, '2023-11-15'),
    (24, 2, 16, 30, '2023-11-15'),
    (25, 2, 17, 40, '2023-11-15'),
    (26, 2, 18, 50, '2023-11-15'),
    (27, 2, 19, 30, '2023-11-15'),
    (28, 2, 20, 20, '2023-11-15'),

    -- BOB and all Sinaia
    (29, 3, 1, 100, '2023-10-20'),
    (30, 3, 2, 50, '2023-10-20'),
    (31, 3, 5, 20, '2023-10-20'),
    (32, 3, 6, 30, '2023-10-20'),
    (33, 3, 9, 40, '2023-10-20'),
    (34, 3, 10, 30, '2023-10-20'),
    (35, 3, 11, 50, '2023-10-20'),
    (36, 3, 12, 40, '2023-10-20'),
    (37, 3, 15, 20, '2023-10-20'),
    (38, 3, 16, 30, '2023-10-20'),
    (39, 3, 17, 40, '2023-10-20'),
    (40, 3, 18, 50, '2023-10-20'),
    (41, 3, 19, 30, '2023-10-20'),
    (42, 3, 20, 20, '2023-10-20');

SET IDENTITY_INSERT ProductInventory OFF;

-- Populating Orders
SET IDENTITY_INSERT Orders ON;
INSERT INTO Orders (order_id, customer_id, employee_id, coffee_store_id, order_date)
VALUES
    (1, NULL, 9, 3, '2024-04-17 14:14:33'),
    (2, NULL, 8, 2, '2024-04-22 05:48:16'),
    (3, NULL, 5, 1, '2023-10-05 17:35:43'),
    (4, 1, 10, 3, '2024-02-06 12:47:14'),
    (5, NULL, 8, 2, '2024-02-19 05:17:40'),
    (6, 7, 8, 2, '2023-10-29 21:28:24'),
    (7, 1, 5, 1, '2024-05-03 08:20:37'),
    (8, NULL, 5, 1, '2024-03-05 16:41:38'),
    (9, 9, 10, 3, '2023-12-19 03:05:15'),
    (10, 10, 8, 2, '2024-01-04 12:18:14'),
    (11, NULL, 9, 3, '2023-11-22 06:38:19'),
    (12, NULL, 5, 1, '2024-05-30 07:40:20'),
    (13, NULL, 7, 2, '2024-04-16 13:42:15'),
    (14, NULL, 5, 1, '2023-11-22 03:28:43'),
    (15, 8, 5, 1, '2024-04-03 10:04:29'),
    (16, 5, 10, 3, '2024-02-23 14:31:21'),
    (17, NULL, 6, 1, '2024-05-16 12:58:50'),
    (18, NULL, 9, 3, '2024-03-08 18:25:02'),
    (19, NULL, 6, 1, '2023-10-18 12:10:26'),
    (20, 6, 6, 1, '2023-11-16 09:24:19'),
    (21, NULL, 8, 2, '2023-11-10 23:44:37'),
    (22, NULL, 7, 2, '2024-03-20 20:25:09'),
    (23, 5, 9, 3, '2023-10-25 18:15:23'),
    (24, 5, 8, 2, '2023-10-01 13:19:50'),
    (25, NULL, 10, 3, '2024-03-04 00:51:01'),
    (26, NULL, 6, 1, '2024-01-06 04:51:14'),
    (27, NULL, 5, 1, '2023-12-14 08:03:35'),
    (28, NULL, 6, 1, '2024-05-08 18:17:50'),
    (29, 6, 7, 2, '2024-02-02 04:35:31'),
    (30, 8, 5, 1, '2024-05-19 19:12:48'),
    (31, NULL, 8, 2, '2024-05-09 23:34:13'),
    (32, NULL, 5, 1, '2023-12-11 22:26:25'),
    (33, NULL, 6, 1, '2024-03-07 10:33:13'),
    (34, NULL, 8, 2, '2024-03-01 03:11:15'),
    (35, 4, 6, 1, '2024-01-27 17:38:29'),
    (36, 4, 6, 1, '2023-11-02 14:13:45'),
    (37, 1, 9, 3, '2023-10-20 07:00:42'),
    (38, NULL, 8, 2, '2024-02-14 08:18:35'),
    (39, NULL, 10, 3, '2023-10-28 09:38:19'),
    (40, NULL, 10, 3, '2024-03-14 07:23:19'),
    (41, 1, 8, 2, '2024-03-05 23:13:35'),
    (42, 3, 8, 2, '2024-03-15 14:22:30'),
    (43, NULL, 7, 2, '2024-05-11 16:41:40'),
    (44, 4, 7, 2, '2024-01-14 05:10:51'),
    (45, NULL, 8, 2, '2024-03-17 07:52:29'),
    (46, NULL, 10, 3, '2024-04-27 09:19:15'),
    (47, 8, 7, 2, '2024-04-03 21:56:32'),
    (48, NULL, 5, 1, '2023-12-12 07:51:19'),
    (49, NULL, 8, 2, '2024-01-20 12:29:15'),
    (50, NULL, 10, 3, '2024-04-23 03:43:25'),
    (51, 10, 7, 2, '2023-10-21 05:40:41'),
    (52, NULL, 10, 3, '2024-05-01 02:54:26'),
    (53, 10, 8, 2, '2024-05-21 07:53:09'),
    (54, NULL, 10, 3, '2024-01-21 01:04:48'),
    (55, 2, 9, 3, '2024-04-06 12:30:42'),
    (56, NULL, 7, 2, '2024-05-24 18:42:18'),
    (57, 7, 10, 3, '2024-04-09 01:17:19'),
    (58, NULL, 7, 2, '2024-05-23 09:53:52'),
    (59, 10, 8, 2, '2023-10-01 17:56:45'),
    (60, 6, 9, 3, '2023-12-25 14:08:51'),
    (61, NULL, 10, 3, '2024-05-08 05:20:36'),
    (62, NULL, 9, 3, '2024-01-15 06:45:35'),
    (63, 3, 9, 3, '2024-05-15 14:08:38'),
    (64, NULL, 7, 2, '2024-05-13 01:31:12'),
    (65, NULL, 10, 3, '2023-10-03 21:16:37'),
    (66, 8, 7, 2, '2024-02-23 07:27:00'),
    (67, NULL, 10, 3, '2024-02-23 23:45:59'),
    (68, NULL, 6, 1, '2023-10-27 00:55:45'),
    (69, 6, 8, 2, '2023-11-08 18:53:54'),
    (70, 5, 5, 1, '2024-04-22 07:45:31'),
    (71, NULL, 7, 2, '2023-12-10 18:56:14'),
    (72, NULL, 9, 3, '2024-02-14 23:15:42'),
    (73, NULL, 7, 2, '2024-05-13 00:21:59'),
    (74, NULL, 6, 1, '2023-11-08 15:45:38'),
    (75, NULL, 9, 3, '2024-01-25 05:31:24'),
    (76, 8, 9, 3, '2023-12-28 08:39:06'),
    (77, 5, 5, 1, '2023-10-16 01:06:01'),
    (78, NULL, 7, 2, '2023-10-24 05:42:56'),
    (79, 3, 8, 2, '2024-02-27 14:38:40'),
    (80, NULL, 9, 3, '2023-12-26 04:45:41'),
    (81, NULL, 7, 2, '2024-05-30 02:08:33'),
    (82, NULL, 8, 2, '2024-04-01 09:59:39'),
    (83, NULL, 5, 1, '2024-01-22 06:55:27'),
    (84, 10, 8, 2, '2023-10-20 22:55:37'),
    (85, NULL, 9, 3, '2023-11-10 10:34:52'),
    (86, 6, 9, 3, '2023-12-07 12:26:57'),
    (87, NULL, 10, 3, '2024-01-18 14:08:45'),
    (88, 8, 10, 3, '2023-10-29 04:40:33'),
    (89, 8, 10, 3, '2023-12-10 19:18:21'),
    (90, NULL, 6, 1, '2023-12-09 22:09:39'),
    (91, 10, 7, 2, '2024-04-14 19:41:59'),
    (92, NULL, 6, 1, '2023-11-19 01:24:14'),
    (93, NULL, 5, 1, '2023-11-12 08:00:27'),
    (94, NULL, 6, 1, '2023-12-18 22:01:15'),
    (95, 1, 5, 1, '2024-02-06 17:34:55'),
    (96, 7, 6, 1, '2024-04-24 15:29:28'),
    (97, NULL, 7, 2, '2023-11-20 09:46:50'),
    (98, 3, 8, 2, '2023-11-14 17:48:16'),
    (99, NULL, 5, 1, '2023-11-18 05:26:05'),
    (100, NULL, 9, 3, '2024-05-17 15:30:00'),
    (101, 4, 5, 1, '2024-04-16 03:35:21'),
    (102, 7, 6, 1, '2023-12-26 01:52:05'),
    (103, NULL, 5, 1, '2024-02-17 18:24:30'),
    (104, 8, 7, 2, '2024-01-15 00:12:13'),
    (105, NULL, 10, 3, '2024-04-12 09:19:58'),
    (106, 8, 8, 2, '2024-04-03 17:09:16'),
    (107, NULL, 5, 1, '2023-12-15 02:48:11'),
    (108, 4, 5, 1, '2023-12-01 05:25:38'),
    (109, NULL, 9, 3, '2023-10-24 02:53:36'),
    (110, 8, 6, 1, '2024-02-29 08:39:31'),
    (111, 1, 9, 3, '2024-05-28 16:54:13'),
    (112, NULL, 5, 1, '2023-11-16 05:28:18'),
    (113, 9, 7, 2, '2024-03-01 02:26:55'),
    (114, 10, 8, 2, '2024-03-20 11:15:25'),
    (115, 7, 5, 1, '2024-02-15 16:44:47'),
    (116, NULL, 7, 2, '2024-04-03 14:25:05'),
    (117, NULL, 10, 3, '2024-04-10 08:38:59'),
    (118, NULL, 7, 2, '2024-02-05 03:42:40'),
    (119, 2, 9, 3, '2023-12-19 06:41:40'),
    (120, 3, 7, 2, '2024-02-01 15:26:42'),
    (121, NULL, 10, 3, '2024-04-22 17:10:43'),
    (122, NULL, 9, 3, '2023-10-31 19:40:55'),
    (123, NULL, 6, 1, '2024-05-23 06:46:26'),
    (124, 9, 7, 2, '2024-01-15 20:26:08'),
    (125, NULL, 10, 3, '2024-01-09 02:58:03'),
    (126, NULL, 10, 3, '2023-10-20 01:26:13'),
    (127, NULL, 5, 1, '2024-02-02 03:37:40'),
    (128, NULL, 6, 1, '2024-05-29 06:09:32'),
    (129, 10, 8, 2, '2024-02-07 08:50:23'),
    (130, 1, 10, 3, '2024-04-13 11:25:50'),
    (131, 2, 6, 1, '2024-03-01 00:27:23'),
    (132, 10, 9, 3, '2023-11-19 19:15:53'),
    (133, 8, 7, 2, '2024-01-06 03:28:19'),
    (134, 4, 10, 3, '2023-11-12 17:56:41'),
    (135, 7, 10, 3, '2023-12-12 21:48:05'),
    (136, NULL, 7, 2, '2024-04-04 07:32:33'),
    (137, 5, 9, 3, '2024-02-12 06:18:14'),
    (138, 1, 5, 1, '2024-04-26 09:46:56'),
    (139, NULL, 9, 3, '2024-03-31 23:13:27'),
    (140, 5, 8, 2, '2023-10-02 17:12:39'),
    (141, 10, 8, 2, '2024-01-23 23:50:03'),
    (142, NULL, 9, 3, '2023-12-02 12:45:27'),
    (143, 6, 6, 1, '2023-10-20 22:07:51'),
    (144, 8, 6, 1, '2023-10-08 06:54:43'),
    (145, 9, 10, 3, '2024-03-31 21:59:58'),
    (146, 6, 8, 2, '2023-11-25 12:18:15'),
    (147, NULL, 7, 2, '2023-12-06 16:10:15'),
    (148, 5, 7, 2, '2024-04-16 06:26:31'),
    (149, 3, 7, 2, '2024-01-11 00:28:26'),
    (150, NULL, 7, 2, '2023-12-29 08:56:19'),
    (151, 9, 10, 3, '2024-04-08 18:26:54'),
    (152, NULL, 5, 1, '2024-03-12 18:55:00'),
    (153, 7, 7, 2, '2024-04-25 19:40:15'),
    (154, NULL, 10, 3, '2024-04-21 00:49:22'),
    (155, 8, 8, 2, '2023-11-27 10:18:28'),
    (156, 10, 7, 2, '2024-03-04 11:23:20'),
    (157, 1, 5, 1, '2023-12-25 12:31:15'),
    (158, 6, 6, 1, '2023-10-22 14:27:29'),
    (159, 1, 8, 2, '2024-01-17 04:15:16'),
    (160, 2, 7, 2, '2024-05-25 00:46:27'),
    (161, NULL, 8, 2, '2024-03-29 07:12:09'),
    (162, NULL, 9, 3, '2023-10-09 15:56:49'),
    (163, NULL, 5, 1, '2024-03-07 15:42:10'),
    (164, NULL, 8, 2, '2024-04-14 05:50:07'),
    (165, 1, 5, 1, '2023-12-07 12:18:49'),
    (166, NULL, 6, 1, '2023-11-08 07:39:10'),
    (167, NULL, 8, 2, '2024-04-12 21:08:04'),
    (168, 6, 6, 1, '2024-03-03 07:08:55'),
    (169, 10, 7, 2, '2024-01-13 20:58:21'),
    (170, 10, 8, 2, '2024-04-21 18:09:24'),
    (171, NULL, 7, 2, '2023-10-27 00:46:13'),
    (172, 10, 6, 1, '2024-04-25 08:25:20'),
    (173, NULL, 5, 1, '2024-04-04 11:45:59'),
    (174, NULL, 6, 1, '2023-10-28 20:48:47'),
    (175, 4, 9, 3, '2024-02-27 09:14:18'),
    (176, NULL, 8, 2, '2023-10-02 06:05:39'),
    (177, NULL, 8, 2, '2023-10-18 23:59:20'),
    (178, NULL, 5, 1, '2024-03-31 04:20:58'),
    (179, 6, 5, 1, '2024-01-01 21:50:19'),
    (180, NULL, 10, 3, '2024-03-31 00:34:04'),
    (181, 10, 10, 3, '2023-10-26 13:33:04'),
    (182, 9, 8, 2, '2024-04-16 01:24:01'),
    (183, NULL, 6, 1, '2024-05-13 05:02:05'),
    (184, 1, 10, 3, '2024-01-11 00:11:11'),
    (185, 5, 10, 3, '2023-10-11 21:06:26'),
    (186, NULL, 5, 1, '2023-11-18 09:10:28'),
    (187, NULL, 8, 2, '2024-01-10 22:06:00'),
    (188, 9, 5, 1, '2024-05-26 09:16:12'),
    (189, NULL, 7, 2, '2024-04-05 17:04:13'),
    (190, NULL, 8, 2, '2024-03-29 04:17:12'),
    (191, 6, 7, 2, '2024-02-09 07:05:29'),
    (192, 6, 10, 3, '2024-02-18 00:05:19'),
    (193, NULL, 7, 2, '2024-02-24 19:23:20'),
    (194, 7, 5, 1, '2024-03-29 15:28:24'),
    (195, 3, 9, 3, '2024-01-23 16:56:13'),
    (196, NULL, 10, 3, '2024-02-24 05:04:02'),
    (197, NULL, 8, 2, '2023-10-16 09:16:24'),
    (198, NULL, 9, 3, '2024-04-18 09:08:30'),
    (199, 9, 9, 3, '2023-11-25 23:54:44'),
    (200, 1, 9, 3, '2024-03-04 08:47:46'),
    (201, 2, 9, 3, '2024-04-03 02:13:29'),
    (202, NULL, 8, 2, '2024-05-20 13:31:18'),
    (203, NULL, 10, 3, '2024-04-16 17:52:05'),
    (204, 9, 5, 1, '2024-04-15 05:45:02'),
    (205, NULL, 6, 1, '2024-05-10 20:44:09'),
    (206, 3, 6, 1, '2023-12-08 20:15:17'),
    (207, NULL, 7, 2, '2024-05-03 17:55:53'),
    (208, NULL, 8, 2, '2024-04-13 03:42:26'),
    (209, NULL, 5, 1, '2023-11-17 04:05:32'),
    (210, NULL, 8, 2, '2023-11-21 16:26:16'),
    (211, NULL, 9, 3, '2024-04-06 05:24:57'),
    (212, 8, 9, 3, '2024-03-07 11:23:54'),
    (213, NULL, 7, 2, '2023-10-20 18:14:25'),
    (214, 2, 7, 2, '2024-02-28 02:03:39'),
    (215, NULL, 7, 2, '2024-05-17 15:04:43'),
    (216, 1, 6, 1, '2023-11-03 09:59:01'),
    (217, 1, 5, 1, '2023-12-18 08:17:17'),
    (218, NULL, 9, 3, '2024-02-10 22:03:56'),
    (219, NULL, 9, 3, '2024-05-24 13:09:35'),
    (220, 3, 5, 1, '2024-02-27 18:11:33'),
    (221, NULL, 10, 3, '2024-01-06 14:02:03'),
    (222, NULL, 10, 3, '2024-02-07 20:03:54'),
    (223, 1, 7, 2, '2023-11-07 07:53:16'),
    (224, 4, 10, 3, '2024-02-05 02:08:02'),
    (225, NULL, 5, 1, '2024-05-03 18:19:09'),
    (226, 2, 10, 3, '2023-11-27 22:53:25'),
    (227, 9, 6, 1, '2024-04-27 15:53:20'),
    (228, 4, 6, 1, '2024-02-14 10:52:27'),
    (229, NULL, 10, 3, '2024-04-16 04:33:25'),
    (230, NULL, 9, 3, '2024-04-10 12:58:59'),
    (231, NULL, 7, 2, '2023-10-27 08:07:28'),
    (232, NULL, 6, 1, '2023-11-03 17:02:36'),
    (233, 10, 9, 3, '2024-04-09 05:00:53'),
    (234, NULL, 9, 3, '2024-03-09 20:11:30'),
    (235, 4, 10, 3, '2023-10-19 02:54:43'),
    (236, NULL, 10, 3, '2024-04-04 22:14:27'),
    (237, 3, 6, 1, '2024-02-14 12:42:28'),
    (238, 1, 5, 1, '2024-05-08 12:56:15'),
    (239, NULL, 9, 3, '2024-05-31 22:08:56'),
    (240, 4, 6, 1, '2023-10-14 18:44:19'),
    (241, NULL, 10, 3, '2024-04-05 22:50:32'),
    (242, 2, 9, 3, '2024-02-22 02:18:57'),
    (243, NULL, 10, 3, '2023-11-29 03:42:14'),
    (244, 3, 9, 3, '2024-01-26 19:44:31'),
    (245, NULL, 8, 2, '2024-03-11 05:55:32'),
    (246, NULL, 7, 2, '2024-04-01 21:11:14'),
    (247, 10, 5, 1, '2023-12-06 19:54:54'),
    (248, NULL, 6, 1, '2023-10-25 13:30:14'),
    (249, NULL, 5, 1, '2023-10-13 13:52:02'),
    (250, NULL, 6, 1, '2023-12-09 12:30:32'),
    (251, NULL, 5, 1, '2024-03-19 23:55:31'),
    (252, NULL, 8, 2, '2024-03-09 02:28:57'),
    (253, 6, 5, 1, '2024-02-12 09:00:42'),
    (254, NULL, 6, 1, '2024-02-03 00:51:20'),
    (255, 8, 10, 3, '2024-04-28 03:53:54'),
    (256, NULL, 5, 1, '2024-03-15 01:57:42'),
    (257, 10, 8, 2, '2023-11-18 13:53:07'),
    (258, NULL, 7, 2, '2024-04-10 18:25:11'),
    (259, 1, 5, 1, '2023-12-08 22:56:53'),
    (260, NULL, 9, 3, '2024-04-30 09:26:13'),
    (261, NULL, 10, 3, '2024-05-30 10:07:39'),
    (262, NULL, 6, 1, '2024-02-11 04:14:55'),
    (263, 4, 10, 3, '2024-04-25 22:21:52'),
    (264, 9, 10, 3, '2024-05-30 03:23:21'),
    (265, NULL, 6, 1, '2023-12-17 15:19:34'),
    (266, NULL, 9, 3, '2023-11-06 03:49:24'),
    (267, NULL, 9, 3, '2024-04-15 10:48:54'),
    (268, NULL, 7, 2, '2023-12-30 20:15:21'),
    (269, 3, 6, 1, '2023-11-18 02:57:37'),
    (270, 6, 10, 3, '2024-05-11 01:15:19'),
    (271, 7, 8, 2, '2024-04-27 08:17:43'),
    (272, 10, 9, 3, '2024-01-12 22:04:28'),
    (273, NULL, 7, 2, '2023-10-16 08:15:06'),
    (274, NULL, 10, 3, '2024-04-04 22:16:59'),
    (275, 2, 5, 1, '2024-03-02 11:13:38'),
    (276, NULL, 5, 1, '2023-11-21 16:30:58'),
    (277, 10, 10, 3, '2024-01-13 15:46:58'),
    (278, 4, 10, 3, '2024-01-17 04:22:26'),
    (279, 10, 8, 2, '2023-10-07 23:29:12'),
    (280, 10, 9, 3, '2023-11-23 21:17:59'),
    (281, 9, 9, 3, '2024-04-15 05:57:29'),
    (282, NULL, 6, 1, '2023-12-01 07:19:06'),
    (283, 9, 8, 2, '2023-12-09 03:36:01'),
    (284, NULL, 5, 1, '2024-05-02 12:11:58'),
    (285, NULL, 8, 2, '2024-03-14 01:04:29'),
    (286, NULL, 6, 1, '2024-01-05 04:33:29'),
    (287, NULL, 9, 3, '2024-01-31 02:37:19'),
    (288, 10, 8, 2, '2024-05-27 18:03:46'),
    (289, NULL, 5, 1, '2024-02-18 20:16:37'),
    (290, 8, 9, 3, '2023-12-19 07:16:30'),
    (291, NULL, 7, 2, '2023-12-11 09:34:18'),
    (292, NULL, 9, 3, '2024-02-24 18:27:02'),
    (293, NULL, 7, 2, '2024-05-31 18:39:40'),
    (294, NULL, 8, 2, '2024-02-23 02:27:38'),
    (295, NULL, 10, 3, '2023-11-14 22:26:44'),
    (296, 4, 7, 2, '2024-03-21 00:03:34'),
    (297, NULL, 6, 1, '2024-01-04 05:03:51'),
    (298, NULL, 7, 2, '2024-02-09 14:56:11'),
    (299, 10, 7, 2, '2024-01-14 01:59:32'),
    (300, 9, 6, 1, '2023-12-08 08:48:36');
SET IDENTITY_INSERT Orders OFF;

-- Populating OrderDetails
SET IDENTITY_INSERT OrderDetails ON;
INSERT INTO OrderDetails (order_detail_id, order_id, product_id, quantity)
VALUES
    (1, 1, 4, 1),
    (2, 1, 16, 2),
    (3, 2, 9, 2),
    (4, 2, 17, 3),
    (5, 2, 12, 2),
    (6, 2, 2, 2),
    (7, 3, 20, 3),
    (8, 3, 8, 1),
    (9, 3, 15, 2),
    (10, 3, 9, 3),
    (11, 3, 11, 3),
    (12, 3, 16, 1),
    (13, 3, 13, 2),
    (14, 3, 12, 3),
    (15, 3, 7, 2),
    (16, 3, 1, 3),
    (17, 4, 9, 3),
    (18, 4, 4, 2),
    (19, 4, 14, 1),
    (20, 4, 1, 3),
    (21, 4, 16, 1),
    (22, 4, 19, 1),
    (23, 4, 20, 2),
    (24, 4, 17, 1),
    (25, 5, 8, 2),
    (26, 5, 17, 1),
    (27, 5, 9, 3),
    (28, 5, 13, 1),
    (29, 5, 11, 1),
    (30, 5, 1, 3),
    (31, 5, 10, 3),
    (32, 5, 20, 3),
    (33, 5, 12, 2),
    (34, 6, 7, 2),
    (35, 6, 10, 3),
    (36, 6, 11, 3),
    (37, 6, 14, 1),
    (38, 6, 8, 3),
    (39, 6, 19, 2),
    (40, 6, 13, 3),
    (41, 7, 6, 1),
    (42, 7, 4, 2),
    (43, 7, 3, 3),
    (44, 7, 1, 3),
    (45, 8, 15, 2),
    (46, 8, 13, 1),
    (47, 8, 6, 2),
    (48, 8, 19, 3),
    (49, 8, 16, 3),
    (50, 8, 14, 2),
    (51, 8, 3, 1),
    (52, 8, 12, 1),
    (53, 8, 2, 1),
    (54, 8, 10, 3),
    (55, 8, 9, 2),
    (56, 9, 3, 3),
    (57, 10, 2, 1),
    (58, 10, 16, 1),
    (59, 10, 7, 2),
    (60, 10, 6, 3),
    (61, 10, 4, 3),
    (62, 10, 1, 2),
    (63, 10, 13, 3),
    (64, 11, 15, 2),
    (65, 11, 16, 3),
    (66, 11, 6, 2),
    (67, 11, 13, 2),
    (68, 11, 2, 2),
    (69, 11, 17, 1),
    (70, 11, 18, 2),
    (71, 11, 7, 1),
    (72, 11, 4, 3),
    (73, 12, 14, 2),
    (74, 12, 9, 2),
    (75, 12, 1, 1),
    (76, 12, 3, 1),
    (77, 12, 17, 3),
    (78, 12, 19, 1),
    (79, 12, 10, 2),
    (80, 12, 7, 1),
    (81, 12, 4, 1),
    (82, 12, 8, 3),
    (83, 13, 7, 3),
    (84, 13, 15, 3),
    (85, 13, 14, 2),
    (86, 13, 9, 1),
    (87, 13, 2, 1),
    (88, 13, 20, 2),
    (89, 13, 13, 1),
    (90, 13, 4, 1),
    (91, 13, 3, 3),
    (92, 13, 17, 1),
    (93, 13, 16, 1),
    (94, 14, 17, 1),
    (95, 14, 15, 2),
    (96, 15, 9, 1),
    (97, 15, 12, 1),
    (98, 15, 6, 2),
    (99, 15, 11, 3),
    (100, 15, 4, 3),
    (101, 15, 7, 1),
    (102, 15, 5, 2),
    (103, 15, 14, 2),
    (104, 15, 10, 1),
    (105, 15, 8, 1),
    (106, 16, 11, 2),
    (107, 16, 9, 3),
    (108, 16, 6, 3),
    (109, 17, 12, 1),
    (110, 17, 13, 2),
    (111, 17, 1, 1),
    (112, 17, 17, 1),
    (113, 17, 20, 1),
    (114, 17, 18, 1),
    (115, 18, 13, 1),
    (116, 18, 6, 3),
    (117, 18, 10, 1),
    (118, 18, 16, 3),
    (119, 18, 2, 3),
    (120, 18, 12, 3),
    (121, 19, 11, 2),
    (122, 19, 2, 1),
    (123, 19, 3, 3),
    (124, 19, 5, 2),
    (125, 19, 12, 1),
    (126, 19, 6, 3),
    (127, 20, 19, 1),
    (128, 20, 11, 2),
    (129, 20, 3, 3),
    (130, 20, 15, 2),
    (131, 20, 12, 2),
    (132, 20, 16, 2),
    (133, 21, 12, 2),
    (134, 21, 20, 3),
    (135, 21, 1, 1),
    (136, 21, 4, 3),
    (137, 21, 9, 3),
    (138, 21, 11, 2),
    (139, 21, 10, 1),
    (140, 21, 13, 3),
    (141, 21, 14, 1),
    (142, 22, 7, 2),
    (143, 22, 8, 1),
    (144, 22, 10, 3),
    (145, 22, 20, 3),
    (146, 22, 16, 3),
    (147, 22, 14, 1),
    (148, 22, 12, 1),
    (149, 22, 18, 3),
    (150, 22, 6, 3),
    (151, 23, 3, 3),
    (152, 23, 1, 1),
    (153, 23, 6, 2),
    (154, 24, 16, 2),
    (155, 24, 15, 3),
    (156, 24, 1, 3),
    (157, 24, 17, 3),
    (158, 24, 10, 1),
    (159, 24, 13, 3),
    (160, 24, 8, 2),
    (161, 24, 11, 1),
    (162, 25, 13, 2),
    (163, 25, 5, 3),
    (164, 25, 19, 1),
    (165, 25, 18, 3),
    (166, 25, 17, 1),
    (167, 25, 11, 3),
    (168, 25, 2, 2),
    (169, 25, 1, 2),
    (170, 25, 10, 3),
    (171, 25, 14, 1),
    (172, 26, 18, 2),
    (173, 26, 4, 3),
    (174, 26, 13, 2),
    (175, 26, 2, 3),
    (176, 26, 17, 3),
    (177, 26, 9, 2),
    (178, 26, 11, 3),
    (179, 26, 19, 1),
    (180, 26, 10, 1),
    (181, 27, 10, 1),
    (182, 27, 5, 1),
    (183, 27, 14, 2),
    (184, 27, 15, 3),
    (185, 28, 6, 2),
    (186, 28, 5, 1),
    (187, 28, 14, 3),
    (188, 28, 2, 3),
    (189, 28, 9, 3),
    (190, 28, 16, 1),
    (191, 29, 15, 2),
    (192, 29, 12, 2),
    (193, 29, 13, 1),
    (194, 29, 17, 2),
    (195, 29, 1, 3),
    (196, 29, 18, 1),
    (197, 29, 2, 1),
    (198, 29, 8, 2),
    (199, 29, 11, 1),
    (200, 30, 6, 3),
    (201, 30, 16, 2),
    (202, 30, 20, 2),
    (203, 30, 3, 1),
    (204, 30, 14, 2),
    (205, 30, 4, 1),
    (206, 30, 13, 3),
    (207, 30, 9, 3),
    (208, 30, 1, 3),
    (209, 30, 19, 3),
    (210, 30, 17, 2),
    (211, 31, 12, 1),
    (212, 31, 19, 2),
    (213, 32, 11, 2),
    (214, 32, 10, 2),
    (215, 33, 13, 3),
    (216, 33, 3, 1),
    (217, 33, 18, 2),
    (218, 33, 2, 3),
    (219, 33, 17, 2),
    (220, 33, 5, 3),
    (221, 33, 9, 1),
    (222, 33, 12, 3),
    (223, 33, 6, 1),
    (224, 34, 3, 3),
    (225, 34, 13, 2),
    (226, 34, 16, 1),
    (227, 34, 8, 2),
    (228, 34, 19, 3),
    (229, 34, 4, 1),
    (230, 34, 10, 3),
    (231, 34, 2, 1),
    (232, 34, 1, 3),
    (233, 35, 15, 1),
    (234, 35, 4, 2),
    (235, 35, 3, 1),
    (236, 35, 6, 3),
    (237, 35, 17, 1),
    (238, 35, 1, 3),
    (239, 35, 16, 3),
    (240, 35, 14, 1),
    (241, 36, 3, 3),
    (242, 36, 16, 3),
    (243, 36, 18, 3),
    (244, 36, 17, 1),
    (245, 36, 12, 3),
    (246, 36, 7, 3),
    (247, 36, 4, 1),
    (248, 36, 20, 3),
    (249, 36, 15, 2),
    (250, 37, 16, 2),
    (251, 37, 17, 3),
    (252, 37, 2, 1),
    (253, 37, 1, 1),
    (254, 37, 5, 1),
    (255, 37, 13, 3),
    (256, 37, 7, 3),
    (257, 38, 1, 1),
    (258, 38, 19, 1),
    (259, 38, 7, 2),
    (260, 38, 2, 1),
    (261, 38, 10, 2),
    (262, 38, 16, 3),
    (263, 38, 9, 2),
    (264, 38, 6, 2),
    (265, 38, 3, 1),
    (266, 38, 17, 3),
    (267, 39, 3, 3),
    (268, 39, 17, 2),
    (269, 39, 18, 1),
    (270, 39, 2, 3),
    (271, 39, 13, 3),
    (272, 40, 18, 3),
    (273, 40, 19, 1),
    (274, 40, 8, 3),
    (275, 40, 17, 1),
    (276, 40, 7, 3),
    (277, 40, 12, 1),
    (278, 40, 3, 2),
    (279, 40, 15, 1),
    (280, 40, 11, 2),
    (281, 41, 7, 3),
    (282, 42, 14, 2),
    (283, 42, 13, 1),
    (284, 42, 18, 3),
    (285, 42, 10, 3),
    (286, 42, 6, 2),
    (287, 42, 9, 1),
    (288, 43, 2, 2),
    (289, 43, 16, 2),
    (290, 44, 20, 2),
    (291, 44, 6, 3),
    (292, 44, 5, 1),
    (293, 44, 19, 2),
    (294, 44, 17, 3),
    (295, 44, 8, 2),
    (296, 44, 12, 1),
    (297, 45, 1, 3),
    (298, 45, 10, 2),
    (299, 45, 14, 2),
    (300, 45, 12, 1),
    (301, 45, 16, 2),
    (302, 45, 15, 3),
    (303, 45, 5, 1),
    (304, 45, 3, 3),
    (305, 46, 5, 1),
    (306, 46, 16, 1),
    (307, 46, 12, 2),
    (308, 46, 15, 1),
    (309, 46, 13, 3),
    (310, 46, 14, 1),
    (311, 47, 19, 3),
    (312, 47, 18, 2),
    (313, 47, 14, 1),
    (314, 47, 20, 1),
    (315, 47, 2, 3),
    (316, 47, 8, 3),
    (317, 47, 5, 3),
    (318, 47, 3, 3),
    (319, 47, 12, 2),
    (320, 47, 13, 3),
    (321, 48, 3, 1),
    (322, 48, 10, 2),
    (323, 48, 14, 2),
    (324, 48, 16, 1),
    (325, 49, 13, 3),
    (326, 50, 7, 1),
    (327, 51, 9, 3),
    (328, 51, 20, 3),
    (329, 51, 6, 1),
    (330, 52, 10, 1),
    (331, 52, 1, 2),
    (332, 53, 13, 3),
    (333, 53, 2, 1),
    (334, 53, 14, 1),
    (335, 53, 3, 1),
    (336, 53, 12, 3),
    (337, 53, 1, 2),
    (338, 53, 15, 3),
    (339, 53, 10, 3),
    (340, 53, 16, 2),
    (341, 53, 5, 3),
    (342, 53, 18, 3),
    (343, 54, 11, 3),
    (344, 54, 20, 2),
    (345, 54, 4, 2),
    (346, 54, 19, 3),
    (347, 54, 1, 1),
    (348, 54, 7, 1),
    (349, 55, 16, 3),
    (350, 55, 17, 2),
    (351, 55, 6, 1),
    (352, 55, 15, 1),
    (353, 56, 5, 3),
    (354, 56, 14, 3),
    (355, 56, 16, 2),
    (356, 57, 3, 1),
    (357, 57, 6, 3),
    (358, 57, 15, 1),
    (359, 57, 19, 3),
    (360, 57, 8, 1),
    (361, 57, 16, 3),
    (362, 57, 18, 1),
    (363, 57, 20, 1),
    (364, 57, 14, 2),
    (365, 58, 20, 3),
    (366, 58, 5, 2),
    (367, 58, 7, 3),
    (368, 58, 18, 1),
    (369, 58, 11, 3),
    (370, 59, 9, 1),
    (371, 59, 17, 3),
    (372, 59, 11, 3),
    (373, 59, 8, 3),
    (374, 59, 19, 1),
    (375, 60, 14, 1),
    (376, 61, 10, 2),
    (377, 61, 4, 2),
    (378, 61, 6, 1),
    (379, 61, 19, 1),
    (380, 61, 3, 1),
    (381, 61, 11, 1),
    (382, 61, 15, 2),
    (383, 62, 18, 1),
    (384, 62, 13, 3),
    (385, 62, 2, 2),
    (386, 63, 9, 3),
    (387, 63, 4, 2),
    (388, 63, 1, 3),
    (389, 63, 6, 3),
    (390, 63, 11, 1),
    (391, 64, 20, 3),
    (392, 64, 4, 1),
    (393, 64, 10, 3),
    (394, 64, 16, 2),
    (395, 64, 3, 2),
    (396, 64, 14, 1),
    (397, 64, 8, 1),
    (398, 64, 7, 1),
    (399, 64, 15, 1),
    (400, 64, 13, 3),
    (401, 64, 2, 2),
    (402, 65, 13, 1),
    (403, 66, 20, 3),
    (404, 66, 6, 1),
    (405, 66, 13, 2),
    (406, 66, 15, 3),
    (407, 66, 16, 2),
    (408, 67, 19, 1),
    (409, 67, 15, 2),
    (410, 67, 1, 2),
    (411, 67, 8, 3),
    (412, 67, 3, 2),
    (413, 67, 9, 2),
    (414, 67, 13, 3),
    (415, 68, 17, 3),
    (416, 68, 4, 1),
    (417, 68, 20, 1),
    (418, 68, 19, 1),
    (419, 68, 16, 2),
    (420, 68, 12, 3),
    (421, 69, 4, 1),
    (422, 69, 16, 2),
    (423, 70, 11, 2),
    (424, 70, 8, 3),
    (425, 70, 5, 2),
    (426, 71, 17, 3),
    (427, 71, 18, 2),
    (428, 71, 12, 2),
    (429, 71, 5, 1),
    (430, 71, 13, 3),
    (431, 72, 20, 2),
    (432, 72, 4, 1),
    (433, 72, 6, 3),
    (434, 72, 14, 2),
    (435, 72, 10, 1),
    (436, 72, 2, 1),
    (437, 72, 18, 3),
    (438, 72, 7, 3),
    (439, 73, 13, 3),
    (440, 73, 15, 3),
    (441, 73, 10, 2),
    (442, 73, 12, 3),
    (443, 73, 4, 2),
    (444, 73, 19, 1),
    (445, 73, 20, 1),
    (446, 73, 8, 2),
    (447, 73, 7, 1),
    (448, 73, 1, 2),
    (449, 73, 9, 1),
    (450, 74, 8, 1),
    (451, 74, 7, 2),
    (452, 74, 14, 2),
    (453, 74, 20, 3),
    (454, 74, 17, 3),
    (455, 74, 12, 3),
    (456, 74, 5, 2),
    (457, 74, 11, 3),
    (458, 74, 9, 3),
    (459, 75, 13, 3),
    (460, 75, 8, 1),
    (461, 75, 14, 2),
    (462, 75, 5, 2),
    (463, 76, 12, 1),
    (464, 77, 18, 1),
    (465, 77, 17, 1),
    (466, 77, 8, 2),
    (467, 77, 6, 2),
    (468, 78, 5, 3),
    (469, 78, 15, 3),
    (470, 78, 4, 1),
    (471, 78, 8, 3),
    (472, 78, 13, 3),
    (473, 78, 6, 1),
    (474, 78, 16, 2),
    (475, 78, 9, 2),
    (476, 78, 12, 2),
    (477, 79, 10, 3),
    (478, 79, 3, 1),
    (479, 79, 9, 1),
    (480, 79, 6, 1),
    (481, 79, 11, 2),
    (482, 79, 8, 1),
    (483, 79, 4, 2),
    (484, 79, 16, 2),
    (485, 79, 18, 2),
    (486, 79, 19, 2),
    (487, 79, 5, 2),
    (488, 80, 6, 1),
    (489, 80, 19, 1),
    (490, 80, 16, 2),
    (491, 80, 11, 1),
    (492, 80, 13, 1),
    (493, 80, 5, 1),
    (494, 81, 2, 1),
    (495, 81, 18, 3),
    (496, 81, 11, 3),
    (497, 81, 12, 1),
    (498, 81, 15, 2),
    (499, 81, 13, 3),
    (500, 81, 3, 2),
    (501, 81, 17, 2),
    (502, 82, 12, 1),
    (503, 82, 2, 1),
    (504, 82, 3, 1),
    (505, 83, 5, 3),
    (506, 83, 14, 1),
    (507, 83, 8, 1),
    (508, 83, 3, 1),
    (509, 83, 7, 3),
    (510, 83, 18, 2),
    (511, 83, 17, 1),
    (512, 83, 9, 1),
    (513, 83, 1, 3),
    (514, 84, 4, 2),
    (515, 84, 20, 3),
    (516, 85, 16, 3),
    (517, 85, 18, 3),
    (518, 85, 19, 1),
    (519, 85, 12, 3),
    (520, 85, 2, 1),
    (521, 85, 13, 1),
    (522, 85, 10, 3),
    (523, 86, 11, 1),
    (524, 86, 14, 1),
    (525, 86, 2, 2),
    (526, 86, 19, 2),
    (527, 86, 8, 1),
    (528, 86, 17, 1),
    (529, 86, 20, 3),
    (530, 86, 15, 1),
    (531, 86, 4, 2),
    (532, 86, 5, 1),
    (533, 86, 7, 2),
    (534, 87, 1, 3),
    (535, 88, 9, 1),
    (536, 88, 5, 2),
    (537, 88, 20, 2),
    (538, 88, 1, 1),
    (539, 88, 7, 2),
    (540, 88, 15, 2),
    (541, 88, 16, 1),
    (542, 88, 13, 3),
    (543, 88, 3, 2),
    (544, 88, 19, 1),
    (545, 89, 4, 3),
    (546, 90, 11, 1),
    (547, 90, 12, 1),
    (548, 90, 6, 1),
    (549, 90, 15, 1),
    (550, 90, 17, 3),
    (551, 90, 3, 3),
    (552, 90, 4, 3),
    (553, 90, 5, 2),
    (554, 90, 1, 1),
    (555, 90, 20, 3),
    (556, 90, 2, 2),
    (557, 91, 13, 3),
    (558, 91, 10, 3),
    (559, 91, 4, 3),
    (560, 91, 8, 3),
    (561, 91, 20, 3),
    (562, 92, 5, 1),
    (563, 92, 9, 1),
    (564, 92, 20, 1),
    (565, 92, 1, 3),
    (566, 92, 19, 1),
    (567, 93, 12, 2),
    (568, 93, 19, 1),
    (569, 93, 3, 1),
    (570, 93, 7, 1),
    (571, 93, 17, 1),
    (572, 93, 8, 3),
    (573, 93, 16, 3),
    (574, 93, 2, 3),
    (575, 93, 15, 2),
    (576, 94, 7, 1),
    (577, 94, 17, 1),
    (578, 94, 12, 1),
    (579, 94, 4, 2),
    (580, 94, 5, 3),
    (581, 94, 10, 3),
    (582, 94, 2, 2),
    (583, 95, 13, 1),
    (584, 95, 14, 1),
    (585, 95, 10, 2),
    (586, 95, 7, 2),
    (587, 95, 17, 1),
    (588, 95, 8, 2),
    (589, 95, 16, 1),
    (590, 95, 1, 3),
    (591, 95, 19, 3),
    (592, 95, 5, 3),
    (593, 96, 17, 3),
    (594, 96, 19, 2),
    (595, 96, 5, 2),
    (596, 96, 18, 1),
    (597, 96, 6, 3),
    (598, 96, 14, 1),
    (599, 96, 2, 3),
    (600, 97, 16, 3),
    (601, 97, 5, 2),
    (602, 97, 18, 2),
    (603, 97, 2, 1),
    (604, 97, 6, 2),
    (605, 97, 7, 1),
    (606, 97, 20, 2),
    (607, 97, 10, 2),
    (608, 97, 11, 3),
    (609, 97, 8, 1),
    (610, 98, 8, 3),
    (611, 98, 19, 2),
    (612, 98, 16, 1),
    (613, 98, 9, 1),
    (614, 98, 5, 2),
    (615, 98, 7, 1),
    (616, 98, 17, 1),
    (617, 98, 20, 1),
    (618, 98, 18, 3),
    (619, 98, 6, 2),
    (620, 98, 12, 1),
    (621, 99, 11, 1),
    (622, 99, 15, 2),
    (623, 99, 6, 2),
    (624, 99, 8, 2),
    (625, 99, 3, 3),
    (626, 99, 17, 1),
    (627, 99, 18, 1),
    (628, 99, 13, 3),
    (629, 100, 7, 1),
    (630, 101, 10, 1),
    (631, 101, 12, 3),
    (632, 101, 3, 1),
    (633, 101, 17, 2),
    (634, 101, 9, 3),
    (635, 101, 6, 2),
    (636, 102, 12, 1),
    (637, 102, 16, 2),
    (638, 102, 4, 1),
    (639, 102, 5, 2),
    (640, 102, 1, 2),
    (641, 102, 18, 2),
    (642, 102, 14, 3),
    (643, 102, 3, 2),
    (644, 102, 6, 1),
    (645, 102, 10, 1),
    (646, 103, 8, 1),
    (647, 103, 18, 1),
    (648, 103, 7, 3),
    (649, 103, 2, 1),
    (650, 103, 10, 1),
    (651, 103, 11, 2),
    (652, 104, 17, 3),
    (653, 104, 2, 1),
    (654, 104, 10, 1),
    (655, 104, 1, 1),
    (656, 104, 6, 3),
    (657, 104, 16, 3),
    (658, 104, 7, 1),
    (659, 104, 8, 2),
    (660, 104, 14, 1),
    (661, 104, 19, 1),
    (662, 105, 9, 1),
    (663, 105, 8, 1),
    (664, 105, 13, 3),
    (665, 106, 18, 1),
    (666, 107, 1, 1),
    (667, 107, 4, 1),
    (668, 107, 8, 1),
    (669, 107, 19, 2),
    (670, 107, 11, 1),
    (671, 107, 7, 3),
    (672, 107, 3, 3),
    (673, 107, 12, 1),
    (674, 107, 9, 2),
    (675, 107, 5, 1),
    (676, 108, 15, 2),
    (677, 109, 18, 3),
    (678, 109, 6, 2),
    (679, 109, 12, 1),
    (680, 109, 15, 3),
    (681, 109, 3, 3),
    (682, 110, 2, 3),
    (683, 110, 18, 2),
    (684, 110, 3, 2),
    (685, 110, 12, 2),
    (686, 110, 4, 3),
    (687, 110, 9, 1),
    (688, 110, 15, 2),
    (689, 110, 6, 1),
    (690, 110, 11, 1),
    (691, 110, 14, 2),
    (692, 111, 16, 3),
    (693, 111, 8, 2),
    (694, 111, 12, 2),
    (695, 111, 5, 2),
    (696, 111, 17, 2),
    (697, 111, 20, 1),
    (698, 111, 10, 1),
    (699, 111, 1, 2),
    (700, 111, 14, 3),
    (701, 111, 18, 1),
    (702, 112, 12, 2),
    (703, 112, 20, 3),
    (704, 112, 14, 1),
    (705, 112, 1, 1),
    (706, 112, 17, 3),
    (707, 112, 9, 1),
    (708, 112, 2, 1),
    (709, 112, 4, 3),
    (710, 112, 6, 2),
    (711, 112, 19, 1),
    (712, 113, 2, 3),
    (713, 114, 20, 1),
    (714, 114, 4, 1),
    (715, 114, 10, 2),
    (716, 114, 3, 3),
    (717, 114, 1, 3),
    (718, 114, 12, 3),
    (719, 114, 5, 1),
    (720, 114, 14, 2),
    (721, 114, 19, 3),
    (722, 115, 20, 2),
    (723, 115, 2, 1),
    (724, 115, 18, 3),
    (725, 115, 19, 3),
    (726, 115, 11, 2),
    (727, 115, 10, 3),
    (728, 115, 15, 3),
    (729, 115, 6, 3),
    (730, 116, 19, 3),
    (731, 116, 17, 2),
    (732, 116, 18, 2),
    (733, 116, 3, 3),
    (734, 116, 14, 1),
    (735, 116, 8, 3),
    (736, 116, 15, 2),
    (737, 116, 1, 1),
    (738, 116, 4, 1),
    (739, 116, 16, 1),
    (740, 116, 12, 3),
    (741, 117, 3, 2),
    (742, 117, 19, 2),
    (743, 117, 14, 3),
    (744, 117, 12, 2),
    (745, 117, 5, 3),
    (746, 117, 1, 2),
    (747, 117, 4, 1),
    (748, 118, 5, 1),
    (749, 119, 5, 1),
    (750, 119, 10, 2),
    (751, 119, 6, 2),
    (752, 119, 13, 2),
    (753, 119, 18, 2),
    (754, 120, 11, 3),
    (755, 120, 19, 3),
    (756, 120, 8, 1),
    (757, 120, 9, 1),
    (758, 121, 17, 2),
    (759, 121, 9, 3),
    (760, 121, 5, 1),
    (761, 121, 4, 1),
    (762, 121, 1, 3),
    (763, 121, 3, 2),
    (764, 121, 16, 3),
    (765, 121, 12, 2),
    (766, 121, 11, 2),
    (767, 121, 20, 2),
    (768, 122, 17, 3),
    (769, 122, 20, 2),
    (770, 122, 16, 1),
    (771, 123, 13, 3),
    (772, 123, 17, 2),
    (773, 123, 14, 2),
    (774, 123, 10, 2),
    (775, 123, 16, 3),
    (776, 123, 6, 2),
    (777, 123, 20, 1),
    (778, 124, 13, 3),
    (779, 124, 5, 2),
    (780, 124, 9, 1),
    (781, 124, 14, 3),
    (782, 124, 20, 3),
    (783, 124, 15, 3),
    (784, 124, 1, 2),
    (785, 124, 3, 1),
    (786, 125, 11, 1),
    (787, 126, 4, 1),
    (788, 126, 20, 3),
    (789, 126, 3, 3),
    (790, 126, 7, 2),
    (791, 127, 10, 2),
    (792, 127, 7, 2),
    (793, 127, 1, 3),
    (794, 128, 15, 2),
    (795, 128, 16, 2),
    (796, 128, 7, 1),
    (797, 128, 2, 2),
    (798, 128, 17, 1),
    (799, 128, 12, 2),
    (800, 128, 9, 2),
    (801, 128, 19, 1),
    (802, 128, 20, 1),
    (803, 128, 5, 3),
    (804, 129, 13, 3),
    (805, 129, 2, 2),
    (806, 129, 19, 2),
    (807, 129, 1, 3),
    (808, 129, 6, 3),
    (809, 130, 14, 2),
    (810, 130, 9, 3),
    (811, 130, 6, 3),
    (812, 130, 15, 2),
    (813, 130, 16, 1),
    (814, 130, 19, 2),
    (815, 131, 8, 3),
    (816, 131, 17, 2),
    (817, 131, 5, 1),
    (818, 131, 6, 3),
    (819, 131, 20, 1),
    (820, 131, 2, 2),
    (821, 131, 11, 3),
    (822, 131, 9, 2),
    (823, 131, 4, 1),
    (824, 131, 12, 3),
    (825, 131, 15, 1),
    (826, 132, 15, 1),
    (827, 132, 3, 1),
    (828, 132, 6, 2),
    (829, 132, 16, 3),
    (830, 132, 4, 3),
    (831, 132, 12, 2),
    (832, 132, 20, 3),
    (833, 132, 13, 3),
    (834, 132, 8, 3),
    (835, 132, 19, 2),
    (836, 133, 20, 1),
    (837, 133, 7, 1),
    (838, 133, 3, 3),
    (839, 133, 12, 2),
    (840, 133, 11, 3),
    (841, 133, 8, 2),
    (842, 133, 14, 2),
    (843, 133, 16, 1),
    (844, 133, 13, 2),
    (845, 134, 13, 1),
    (846, 134, 4, 1),
    (847, 135, 9, 1),
    (848, 135, 1, 1),
    (849, 136, 14, 1),
    (850, 136, 20, 2),
    (851, 137, 5, 3),
    (852, 137, 6, 2),
    (853, 137, 8, 1),
    (854, 137, 4, 1),
    (855, 137, 19, 1),
    (856, 137, 18, 2),
    (857, 138, 17, 3),
    (858, 138, 9, 1),
    (859, 138, 19, 3),
    (860, 138, 10, 1),
    (861, 138, 6, 2),
    (862, 138, 1, 2),
    (863, 138, 3, 3),
    (864, 138, 7, 2),
    (865, 138, 13, 1),
    (866, 138, 5, 1),
    (867, 139, 13, 3),
    (868, 139, 8, 1),
    (869, 139, 12, 2),
    (870, 139, 14, 3),
    (871, 139, 4, 3),
    (872, 140, 18, 3),
    (873, 140, 16, 1),
    (874, 140, 14, 3),
    (875, 141, 5, 3),
    (876, 141, 6, 3),
    (877, 141, 11, 1),
    (878, 141, 8, 2),
    (879, 141, 20, 3),
    (880, 142, 9, 2),
    (881, 142, 16, 1),
    (882, 142, 8, 1),
    (883, 142, 2, 3),
    (884, 142, 12, 1),
    (885, 142, 1, 3),
    (886, 143, 19, 2),
    (887, 143, 3, 2),
    (888, 143, 18, 2),
    (889, 143, 9, 3),
    (890, 144, 10, 2),
    (891, 144, 16, 1),
    (892, 144, 1, 3),
    (893, 145, 14, 2),
    (894, 145, 15, 1),
    (895, 145, 11, 1),
    (896, 145, 1, 3),
    (897, 145, 19, 2),
    (898, 145, 5, 2),
    (899, 146, 19, 1),
    (900, 146, 18, 3),
    (901, 146, 6, 2),
    (902, 146, 5, 1),
    (903, 146, 4, 1),
    (904, 146, 13, 2),
    (905, 146, 7, 2),
    (906, 146, 3, 2),
    (907, 146, 2, 3),
    (908, 146, 17, 1),
    (909, 147, 20, 3),
    (910, 147, 5, 3),
    (911, 147, 6, 3),
    (912, 147, 19, 3),
    (913, 147, 11, 3),
    (914, 147, 3, 1),
    (915, 147, 12, 1),
    (916, 148, 15, 1),
    (917, 148, 9, 3),
    (918, 149, 16, 1),
    (919, 149, 15, 2),
    (920, 150, 16, 1),
    (921, 150, 4, 3),
    (922, 150, 6, 1),
    (923, 150, 19, 2),
    (924, 151, 13, 2),
    (925, 151, 5, 3),
    (926, 151, 2, 2),
    (927, 152, 16, 1),
    (928, 152, 5, 3),
    (929, 152, 1, 1),
    (930, 152, 18, 3),
    (931, 152, 11, 3),
    (932, 153, 20, 2),
    (933, 153, 6, 2),
    (934, 153, 5, 2),
    (935, 153, 8, 1),
    (936, 153, 12, 1),
    (937, 153, 10, 3),
    (938, 153, 17, 2),
    (939, 153, 4, 3),
    (940, 153, 16, 3),
    (941, 154, 3, 1),
    (942, 154, 2, 2),
    (943, 154, 5, 2),
    (944, 154, 4, 3),
    (945, 154, 7, 1),
    (946, 154, 12, 3),
    (947, 154, 8, 3),
    (948, 154, 18, 3),
    (949, 154, 15, 3),
    (950, 154, 13, 1),
    (951, 154, 9, 3),
    (952, 155, 2, 3),
    (953, 155, 18, 2),
    (954, 155, 12, 1),
    (955, 155, 13, 1),
    (956, 155, 6, 3),
    (957, 155, 10, 1),
    (958, 155, 16, 3),
    (959, 156, 15, 2),
    (960, 157, 20, 1),
    (961, 157, 15, 2),
    (962, 157, 6, 1),
    (963, 157, 16, 2),
    (964, 157, 8, 1),
    (965, 157, 11, 1),
    (966, 157, 10, 1),
    (967, 157, 14, 2),
    (968, 158, 11, 1),
    (969, 158, 4, 1),
    (970, 159, 15, 3),
    (971, 160, 12, 1),
    (972, 160, 15, 1),
    (973, 160, 14, 3),
    (974, 160, 4, 3),
    (975, 160, 6, 1),
    (976, 160, 18, 2),
    (977, 161, 9, 1),
    (978, 161, 14, 2),
    (979, 162, 4, 3),
    (980, 162, 1, 1),
    (981, 162, 14, 1),
    (982, 162, 6, 2),
    (983, 162, 19, 3),
    (984, 162, 10, 1),
    (985, 163, 12, 2),
    (986, 164, 15, 1),
    (987, 164, 18, 3),
    (988, 164, 9, 3),
    (989, 165, 6, 3),
    (990, 165, 20, 2),
    (991, 165, 12, 2),
    (992, 165, 1, 3),
    (993, 165, 17, 1),
    (994, 165, 3, 1),
    (995, 165, 11, 1),
    (996, 165, 5, 2),
    (997, 166, 17, 2),
    (998, 167, 5, 1),
    (999, 167, 20, 1),
    (1000, 167, 15, 3);
INSERT INTO OrderDetails (order_detail_id, order_id, product_id, quantity)
VALUES
    (1001, 167, 14, 3),
    (1002, 167, 10, 3),
    (1003, 168, 12, 1),
    (1004, 168, 1, 2),
    (1005, 168, 11, 2),
    (1006, 168, 7, 1),
    (1007, 168, 14, 3),
    (1008, 168, 15, 2),
    (1009, 168, 17, 2),
    (1010, 168, 18, 3),
    (1011, 169, 11, 1),
    (1012, 170, 13, 2),
    (1013, 170, 14, 2),
    (1014, 170, 7, 1),
    (1015, 170, 15, 2),
    (1016, 170, 2, 3),
    (1017, 170, 6, 3),
    (1018, 170, 10, 2),
    (1019, 171, 7, 3),
    (1020, 171, 11, 1),
    (1021, 172, 3, 1),
    (1022, 172, 10, 2),
    (1023, 172, 4, 3),
    (1024, 172, 5, 3),
    (1025, 172, 2, 1),
    (1026, 172, 18, 3),
    (1027, 172, 14, 1),
    (1028, 172, 20, 1),
    (1029, 172, 17, 2),
    (1030, 173, 3, 3),
    (1031, 173, 11, 1),
    (1032, 173, 8, 2),
    (1033, 173, 17, 2),
    (1034, 173, 16, 1),
    (1035, 173, 9, 2),
    (1036, 173, 20, 2),
    (1037, 173, 15, 1),
    (1038, 173, 10, 1),
    (1039, 173, 19, 3),
    (1040, 173, 1, 2),
    (1041, 174, 7, 1),
    (1042, 174, 18, 2),
    (1043, 175, 3, 3),
    (1044, 175, 8, 1),
    (1045, 175, 1, 3),
    (1046, 175, 9, 2),
    (1047, 175, 6, 2),
    (1048, 175, 18, 2),
    (1049, 175, 5, 2),
    (1050, 175, 16, 2),
    (1051, 175, 15, 1),
    (1052, 175, 20, 3),
    (1053, 175, 2, 2),
    (1054, 176, 20, 3),
    (1055, 176, 7, 2),
    (1056, 176, 12, 1),
    (1057, 176, 9, 2),
    (1058, 176, 4, 3),
    (1059, 176, 5, 2),
    (1060, 176, 16, 3),
    (1061, 176, 2, 2),
    (1062, 176, 14, 3),
    (1063, 176, 8, 2),
    (1064, 177, 19, 3),
    (1065, 177, 14, 2),
    (1066, 177, 5, 3),
    (1067, 178, 13, 3),
    (1068, 178, 8, 2),
    (1069, 178, 9, 2),
    (1070, 179, 18, 1),
    (1071, 179, 15, 2),
    (1072, 179, 2, 3),
    (1073, 179, 10, 2),
    (1074, 179, 6, 2),
    (1075, 179, 4, 3),
    (1076, 179, 14, 3),
    (1077, 179, 3, 1),
    (1078, 180, 10, 2),
    (1079, 180, 8, 3),
    (1080, 180, 3, 2),
    (1081, 180, 2, 1),
    (1082, 180, 4, 2),
    (1083, 180, 5, 1),
    (1084, 181, 4, 3),
    (1085, 181, 7, 2),
    (1086, 181, 11, 3),
    (1087, 181, 12, 3),
    (1088, 182, 10, 3),
    (1089, 182, 14, 2),
    (1090, 182, 9, 1),
    (1091, 182, 18, 1),
    (1092, 183, 7, 2),
    (1093, 183, 1, 2),
    (1094, 183, 18, 2),
    (1095, 183, 3, 3),
    (1096, 183, 16, 1),
    (1097, 183, 11, 2),
    (1098, 183, 14, 3),
    (1099, 184, 4, 2),
    (1100, 184, 13, 1),
    (1101, 184, 5, 1),
    (1102, 184, 2, 2),
    (1103, 184, 1, 3),
    (1104, 184, 3, 3),
    (1105, 184, 15, 3),
    (1106, 185, 4, 3),
    (1107, 185, 6, 2),
    (1108, 185, 17, 2),
    (1109, 185, 20, 1),
    (1110, 185, 11, 1),
    (1111, 185, 7, 1),
    (1112, 185, 18, 1),
    (1113, 185, 10, 3),
    (1114, 186, 15, 2),
    (1115, 186, 2, 1),
    (1116, 187, 14, 1),
    (1117, 187, 8, 3),
    (1118, 187, 3, 2),
    (1119, 187, 12, 2),
    (1120, 187, 18, 2),
    (1121, 188, 10, 2),
    (1122, 188, 15, 1),
    (1123, 189, 9, 1),
    (1124, 189, 15, 1),
    (1125, 189, 14, 3),
    (1126, 189, 12, 1),
    (1127, 190, 2, 3),
    (1128, 191, 12, 1),
    (1129, 191, 13, 2),
    (1130, 191, 10, 3),
    (1131, 191, 2, 2),
    (1132, 191, 11, 3),
    (1133, 191, 20, 1),
    (1134, 191, 7, 3),
    (1135, 191, 8, 1),
    (1136, 191, 14, 3),
    (1137, 192, 5, 3),
    (1138, 192, 19, 2),
    (1139, 192, 20, 3),
    (1140, 192, 13, 2),
    (1141, 192, 7, 1),
    (1142, 192, 10, 2),
    (1143, 192, 9, 3),
    (1144, 192, 11, 2),
    (1145, 192, 16, 3),
    (1146, 192, 2, 1),
    (1147, 193, 14, 2),
    (1148, 193, 6, 1),
    (1149, 193, 8, 2),
    (1150, 193, 13, 2),
    (1151, 193, 20, 3),
    (1152, 193, 11, 2),
    (1153, 194, 14, 3),
    (1154, 195, 5, 2),
    (1155, 195, 3, 1),
    (1156, 195, 18, 3),
    (1157, 195, 16, 1),
    (1158, 195, 12, 3),
    (1159, 195, 2, 1),
    (1160, 195, 6, 1),
    (1161, 196, 11, 1),
    (1162, 196, 17, 3),
    (1163, 196, 10, 3),
    (1164, 196, 7, 2),
    (1165, 196, 14, 3),
    (1166, 196, 20, 2),
    (1167, 196, 1, 3),
    (1168, 196, 3, 3),
    (1169, 197, 4, 3),
    (1170, 197, 11, 1),
    (1171, 197, 12, 2),
    (1172, 197, 18, 2),
    (1173, 197, 3, 3),
    (1174, 197, 13, 2),
    (1175, 197, 19, 1),
    (1176, 198, 5, 3),
    (1177, 198, 2, 1),
    (1178, 199, 8, 2),
    (1179, 199, 2, 2),
    (1180, 199, 14, 1),
    (1181, 199, 4, 2),
    (1182, 199, 17, 1),
    (1183, 199, 15, 3),
    (1184, 199, 11, 3),
    (1185, 199, 19, 1),
    (1186, 199, 18, 3),
    (1187, 199, 1, 1),
    (1188, 200, 2, 1),
    (1189, 201, 6, 1),
    (1190, 201, 9, 3),
    (1191, 201, 2, 3),
    (1192, 201, 10, 1),
    (1193, 201, 8, 2),
    (1194, 202, 8, 3),
    (1195, 202, 13, 2),
    (1196, 202, 19, 1),
    (1197, 202, 12, 1),
    (1198, 202, 10, 1),
    (1199, 202, 3, 3),
    (1200, 202, 11, 1),
    (1201, 203, 2, 1),
    (1202, 203, 9, 3),
    (1203, 203, 18, 3),
    (1204, 203, 11, 2),
    (1205, 203, 7, 1),
    (1206, 203, 3, 1),
    (1207, 203, 16, 2),
    (1208, 203, 12, 2),
    (1209, 204, 7, 1),
    (1210, 205, 8, 3),
    (1211, 205, 5, 1),
    (1212, 205, 15, 2),
    (1213, 205, 2, 3),
    (1214, 205, 6, 1),
    (1215, 205, 13, 3),
    (1216, 205, 12, 2),
    (1217, 205, 1, 2),
    (1218, 205, 9, 3),
    (1219, 206, 8, 1),
    (1220, 206, 10, 3),
    (1221, 206, 18, 3),
    (1222, 206, 16, 1),
    (1223, 206, 11, 3),
    (1224, 206, 1, 1),
    (1225, 206, 2, 3),
    (1226, 206, 15, 2),
    (1227, 206, 9, 3),
    (1228, 207, 9, 1),
    (1229, 207, 13, 2),
    (1230, 208, 6, 3),
    (1231, 208, 19, 3),
    (1232, 208, 2, 1),
    (1233, 208, 20, 3),
    (1234, 208, 18, 2),
    (1235, 208, 3, 2),
    (1236, 208, 16, 1),
    (1237, 208, 9, 2),
    (1238, 209, 3, 2),
    (1239, 209, 15, 2),
    (1240, 209, 10, 3),
    (1241, 210, 2, 3),
    (1242, 210, 18, 1),
    (1243, 210, 6, 3),
    (1244, 210, 19, 3),
    (1245, 210, 5, 1),
    (1246, 210, 13, 2),
    (1247, 210, 16, 2),
    (1248, 211, 14, 1),
    (1249, 211, 1, 2),
    (1250, 212, 17, 1),
    (1251, 212, 4, 1),
    (1252, 212, 7, 1),
    (1253, 212, 8, 3),
    (1254, 212, 6, 2),
    (1255, 212, 9, 1),
    (1256, 212, 1, 1),
    (1257, 212, 11, 1),
    (1258, 212, 14, 3),
    (1259, 212, 15, 1),
    (1260, 212, 18, 2),
    (1261, 213, 6, 3),
    (1262, 213, 20, 1),
    (1263, 213, 11, 1),
    (1264, 213, 15, 3),
    (1265, 213, 4, 3),
    (1266, 213, 17, 3),
    (1267, 213, 16, 2),
    (1268, 213, 3, 2),
    (1269, 213, 9, 3),
    (1270, 214, 5, 3),
    (1271, 214, 18, 1),
    (1272, 214, 1, 1),
    (1273, 214, 16, 2),
    (1274, 214, 7, 2),
    (1275, 214, 20, 3),
    (1276, 214, 14, 1),
    (1277, 214, 4, 3),
    (1278, 214, 2, 2),
    (1279, 215, 16, 3),
    (1280, 215, 15, 3),
    (1281, 215, 2, 2),
    (1282, 215, 5, 3),
    (1283, 215, 3, 3),
    (1284, 215, 6, 2),
    (1285, 215, 1, 3),
    (1286, 215, 12, 1),
    (1287, 215, 8, 2),
    (1288, 215, 11, 3),
    (1289, 216, 2, 2),
    (1290, 216, 8, 3),
    (1291, 216, 14, 3),
    (1292, 216, 12, 3),
    (1293, 217, 2, 1),
    (1294, 218, 9, 1),
    (1295, 218, 13, 2),
    (1296, 218, 8, 2),
    (1297, 219, 10, 2),
    (1298, 219, 15, 3),
    (1299, 219, 19, 2),
    (1300, 219, 9, 2),
    (1301, 219, 18, 1),
    (1302, 219, 13, 3),
    (1303, 219, 16, 3),
    (1304, 220, 18, 1),
    (1305, 220, 11, 3),
    (1306, 220, 20, 2),
    (1307, 220, 15, 3),
    (1308, 221, 6, 3),
    (1309, 222, 1, 1),
    (1310, 222, 3, 1),
    (1311, 222, 10, 2),
    (1312, 222, 5, 2),
    (1313, 222, 12, 1),
    (1314, 222, 8, 2),
    (1315, 223, 15, 3),
    (1316, 223, 6, 2),
    (1317, 223, 5, 1),
    (1318, 223, 9, 3),
    (1319, 223, 12, 2),
    (1320, 223, 3, 1),
    (1321, 223, 17, 3),
    (1322, 224, 3, 2),
    (1323, 224, 17, 1),
    (1324, 224, 13, 1),
    (1325, 224, 16, 1),
    (1326, 224, 5, 2),
    (1327, 224, 2, 2),
    (1328, 224, 20, 1),
    (1329, 224, 15, 3),
    (1330, 224, 12, 2),
    (1331, 224, 7, 2),
    (1332, 224, 10, 3),
    (1333, 225, 17, 1),
    (1334, 225, 1, 3),
    (1335, 225, 15, 3),
    (1336, 225, 7, 3),
    (1337, 225, 19, 3),
    (1338, 225, 2, 2),
    (1339, 225, 11, 3),
    (1340, 225, 5, 2),
    (1341, 226, 8, 2),
    (1342, 226, 15, 1),
    (1343, 226, 9, 2),
    (1344, 226, 17, 3),
    (1345, 226, 1, 3),
    (1346, 226, 20, 2),
    (1347, 226, 3, 2),
    (1348, 226, 5, 1),
    (1349, 226, 14, 3),
    (1350, 227, 1, 3),
    (1351, 227, 4, 1),
    (1352, 228, 8, 3),
    (1353, 228, 20, 2),
    (1354, 228, 11, 2),
    (1355, 228, 1, 2),
    (1356, 228, 15, 3),
    (1357, 229, 2, 2),
    (1358, 229, 13, 2),
    (1359, 229, 14, 3),
    (1360, 229, 9, 2),
    (1361, 229, 8, 2),
    (1362, 229, 4, 1),
    (1363, 229, 7, 2),
    (1364, 229, 19, 3),
    (1365, 229, 16, 1),
    (1366, 230, 1, 3),
    (1367, 230, 4, 1),
    (1368, 230, 11, 3),
    (1369, 230, 15, 1),
    (1370, 230, 13, 1),
    (1371, 230, 12, 2),
    (1372, 230, 5, 1),
    (1373, 230, 2, 2),
    (1374, 230, 6, 3),
    (1375, 231, 8, 3),
    (1376, 231, 18, 1),
    (1377, 231, 20, 1),
    (1378, 231, 12, 1),
    (1379, 231, 17, 1),
    (1380, 232, 6, 3),
    (1381, 232, 19, 2),
    (1382, 232, 14, 3),
    (1383, 232, 2, 3),
    (1384, 232, 15, 2),
    (1385, 232, 4, 1),
    (1386, 232, 1, 2),
    (1387, 232, 12, 1),
    (1388, 232, 13, 3),
    (1389, 232, 9, 2),
    (1390, 232, 7, 2),
    (1391, 233, 18, 1),
    (1392, 233, 7, 3),
    (1393, 233, 17, 2),
    (1394, 234, 11, 2),
    (1395, 234, 19, 1),
    (1396, 234, 10, 3),
    (1397, 235, 16, 1),
    (1398, 235, 14, 3),
    (1399, 235, 6, 3),
    (1400, 235, 5, 2),
    (1401, 235, 9, 3),
    (1402, 235, 1, 1),
    (1403, 235, 12, 1),
    (1404, 236, 18, 3),
    (1405, 236, 20, 2),
    (1406, 236, 2, 1),
    (1407, 236, 6, 3),
    (1408, 236, 4, 3),
    (1409, 237, 7, 3),
    (1410, 238, 15, 1),
    (1411, 238, 18, 3),
    (1412, 238, 1, 1),
    (1413, 238, 6, 3),
    (1414, 238, 13, 2),
    (1415, 238, 14, 3),
    (1416, 239, 12, 3),
    (1417, 239, 5, 3),
    (1418, 239, 20, 1),
    (1419, 240, 2, 3),
    (1420, 241, 15, 1),
    (1421, 241, 13, 2),
    (1422, 241, 1, 2),
    (1423, 241, 10, 1),
    (1424, 241, 4, 3),
    (1425, 241, 11, 3),
    (1426, 241, 7, 3),
    (1427, 241, 5, 3),
    (1428, 241, 19, 2),
    (1429, 241, 18, 2),
    (1430, 241, 6, 2),
    (1431, 242, 1, 2),
    (1432, 242, 7, 1),
    (1433, 242, 6, 2),
    (1434, 242, 4, 3),
    (1435, 242, 19, 2),
    (1436, 242, 20, 3),
    (1437, 242, 11, 3),
    (1438, 242, 18, 2),
    (1439, 243, 11, 3),
    (1440, 244, 11, 1),
    (1441, 244, 1, 3),
    (1442, 244, 8, 3),
    (1443, 244, 6, 3),
    (1444, 244, 12, 1),
    (1445, 244, 15, 2),
    (1446, 245, 14, 1),
    (1447, 245, 6, 2),
    (1448, 245, 15, 2),
    (1449, 245, 16, 2),
    (1450, 245, 19, 3),
    (1451, 245, 20, 3),
    (1452, 245, 9, 1),
    (1453, 245, 1, 2),
    (1454, 245, 13, 1),
    (1455, 245, 7, 2),
    (1456, 245, 10, 2),
    (1457, 246, 2, 2),
    (1458, 246, 16, 2),
    (1459, 246, 20, 3),
    (1460, 246, 5, 2),
    (1461, 247, 10, 3),
    (1462, 248, 18, 1),
    (1463, 248, 6, 3),
    (1464, 248, 11, 3),
    (1465, 249, 17, 1),
    (1466, 249, 1, 3),
    (1467, 249, 19, 2),
    (1468, 249, 11, 2),
    (1469, 249, 10, 1),
    (1470, 249, 20, 2),
    (1471, 249, 13, 3),
    (1472, 250, 3, 3),
    (1473, 250, 17, 1),
    (1474, 250, 19, 3),
    (1475, 250, 5, 3),
    (1476, 250, 20, 3),
    (1477, 250, 14, 2),
    (1478, 250, 9, 2),
    (1479, 250, 18, 2),
    (1480, 250, 10, 2),
    (1481, 250, 15, 1),
    (1482, 250, 6, 1),
    (1483, 251, 9, 1),
    (1484, 251, 7, 2),
    (1485, 252, 13, 1),
    (1486, 253, 20, 2),
    (1487, 253, 9, 2),
    (1488, 253, 12, 2),
    (1489, 253, 8, 3),
    (1490, 254, 12, 3),
    (1491, 254, 20, 2),
    (1492, 254, 7, 1),
    (1493, 254, 6, 3),
    (1494, 254, 17, 1),
    (1495, 254, 9, 2),
    (1496, 255, 5, 1),
    (1497, 255, 16, 2),
    (1498, 255, 15, 2),
    (1499, 255, 12, 3),
    (1500, 255, 7, 1),
    (1501, 255, 19, 1),
    (1502, 255, 9, 1),
    (1503, 255, 3, 2),
    (1504, 256, 17, 2),
    (1505, 256, 10, 3),
    (1506, 256, 13, 2),
    (1507, 256, 5, 3),
    (1508, 256, 19, 1),
    (1509, 256, 7, 3),
    (1510, 257, 17, 3),
    (1511, 257, 10, 3),
    (1512, 257, 1, 3),
    (1513, 257, 5, 2),
    (1514, 257, 20, 2),
    (1515, 257, 9, 3),
    (1516, 257, 11, 2),
    (1517, 257, 3, 2),
    (1518, 257, 19, 2),
    (1519, 257, 14, 3),
    (1520, 258, 14, 1),
    (1521, 258, 7, 1),
    (1522, 258, 13, 1),
    (1523, 258, 8, 3),
    (1524, 258, 4, 1),
    (1525, 258, 6, 3),
    (1526, 258, 17, 3),
    (1527, 258, 19, 1),
    (1528, 258, 15, 1),
    (1529, 259, 19, 1),
    (1530, 259, 8, 2),
    (1531, 259, 7, 3),
    (1532, 259, 10, 1),
    (1533, 259, 6, 3),
    (1534, 259, 1, 3),
    (1535, 259, 9, 1),
    (1536, 259, 4, 3),
    (1537, 259, 12, 3),
    (1538, 260, 1, 1),
    (1539, 260, 6, 1),
    (1540, 260, 10, 1),
    (1541, 260, 5, 2),
    (1542, 260, 18, 3),
    (1543, 260, 8, 2),
    (1544, 260, 7, 1),
    (1545, 260, 19, 2),
    (1546, 260, 13, 3),
    (1547, 261, 4, 3),
    (1548, 261, 1, 1),
    (1549, 261, 16, 2),
    (1550, 261, 11, 3),
    (1551, 261, 3, 3),
    (1552, 262, 7, 3),
    (1553, 262, 10, 2),
    (1554, 262, 15, 3),
    (1555, 262, 4, 3),
    (1556, 262, 2, 2),
    (1557, 262, 12, 1),
    (1558, 262, 19, 2),
    (1559, 263, 13, 3),
    (1560, 263, 20, 3),
    (1561, 263, 14, 2),
    (1562, 263, 16, 2),
    (1563, 263, 4, 1),
    (1564, 263, 18, 1),
    (1565, 263, 1, 1),
    (1566, 263, 10, 3),
    (1567, 263, 7, 1),
    (1568, 263, 9, 3),
    (1569, 264, 7, 2),
    (1570, 265, 16, 3),
    (1571, 266, 7, 2),
    (1572, 267, 14, 2),
    (1573, 267, 13, 1),
    (1574, 267, 7, 2),
    (1575, 267, 12, 3),
    (1576, 267, 4, 3),
    (1577, 267, 20, 2),
    (1578, 267, 1, 2),
    (1579, 268, 19, 3),
    (1580, 268, 12, 1),
    (1581, 268, 11, 3),
    (1582, 268, 7, 1),
    (1583, 268, 3, 3),
    (1584, 269, 6, 2),
    (1585, 270, 6, 1),
    (1586, 270, 14, 2),
    (1587, 270, 20, 2),
    (1588, 270, 12, 1),
    (1589, 270, 7, 2),
    (1590, 270, 11, 1),
    (1591, 270, 5, 3),
    (1592, 270, 2, 1),
    (1593, 271, 18, 3),
    (1594, 271, 20, 3),
    (1595, 271, 19, 2),
    (1596, 271, 6, 3),
    (1597, 271, 11, 3),
    (1598, 271, 13, 2),
    (1599, 271, 5, 1),
    (1600, 271, 17, 2),
    (1601, 271, 7, 1),
    (1602, 271, 12, 1),
    (1603, 271, 9, 1),
    (1604, 272, 20, 3),
    (1605, 272, 4, 2),
    (1606, 272, 1, 2),
    (1607, 272, 16, 3),
    (1608, 272, 14, 2),
    (1609, 272, 18, 2),
    (1610, 272, 19, 2),
    (1611, 272, 11, 1),
    (1612, 272, 10, 3),
    (1613, 272, 2, 1),
    (1614, 272, 13, 2),
    (1615, 273, 9, 1),
    (1616, 273, 10, 2),
    (1617, 273, 7, 2),
    (1618, 273, 13, 1),
    (1619, 273, 15, 3),
    (1620, 273, 19, 1),
    (1621, 273, 14, 1),
    (1622, 273, 1, 2),
    (1623, 273, 2, 2),
    (1624, 273, 12, 1),
    (1625, 273, 16, 2),
    (1626, 274, 7, 2),
    (1627, 274, 17, 2),
    (1628, 274, 3, 2),
    (1629, 274, 1, 2),
    (1630, 274, 12, 1),
    (1631, 274, 14, 1),
    (1632, 274, 13, 1),
    (1633, 274, 15, 1),
    (1634, 274, 9, 3),
    (1635, 275, 11, 3),
    (1636, 275, 14, 2),
    (1637, 275, 12, 2),
    (1638, 275, 19, 3),
    (1639, 275, 18, 1),
    (1640, 275, 10, 2),
    (1641, 275, 5, 1),
    (1642, 275, 2, 3),
    (1643, 275, 16, 1),
    (1644, 275, 7, 1),
    (1645, 275, 4, 2),
    (1646, 276, 20, 3),
    (1647, 276, 5, 2),
    (1648, 276, 2, 1),
    (1649, 276, 17, 2),
    (1650, 276, 11, 1),
    (1651, 276, 4, 3),
    (1652, 276, 15, 1),
    (1653, 276, 6, 3),
    (1654, 276, 8, 1),
    (1655, 277, 3, 2),
    (1656, 277, 1, 2),
    (1657, 277, 19, 2),
    (1658, 277, 20, 2),
    (1659, 277, 12, 2),
    (1660, 277, 7, 2),
    (1661, 278, 4, 2),
    (1662, 278, 9, 2),
    (1663, 278, 7, 2),
    (1664, 278, 15, 1),
    (1665, 278, 11, 2),
    (1666, 278, 16, 1),
    (1667, 279, 2, 3),
    (1668, 280, 7, 2),
    (1669, 280, 10, 2),
    (1670, 280, 14, 1),
    (1671, 281, 6, 2),
    (1672, 281, 17, 1),
    (1673, 281, 15, 1),
    (1674, 281, 7, 1),
    (1675, 281, 19, 1),
    (1676, 281, 16, 2),
    (1677, 281, 1, 3),
    (1678, 281, 14, 2),
    (1679, 281, 8, 3),
    (1680, 281, 13, 3),
    (1681, 281, 3, 3),
    (1682, 282, 1, 3),
    (1683, 282, 17, 3),
    (1684, 282, 8, 3),
    (1685, 282, 7, 3),
    (1686, 282, 16, 1),
    (1687, 282, 15, 2),
    (1688, 282, 5, 3),
    (1689, 282, 13, 2),
    (1690, 283, 8, 2),
    (1691, 283, 18, 3),
    (1692, 284, 13, 1),
    (1693, 284, 8, 3),
    (1694, 284, 1, 1),
    (1695, 284, 16, 2),
    (1696, 285, 12, 1),
    (1697, 285, 10, 1),
    (1698, 285, 19, 2),
    (1699, 286, 7, 1),
    (1700, 286, 2, 1),
    (1701, 286, 16, 2),
    (1702, 287, 4, 2),
    (1703, 287, 2, 1),
    (1704, 287, 20, 3),
    (1705, 287, 12, 1),
    (1706, 287, 3, 2),
    (1707, 288, 3, 3),
    (1708, 289, 8, 3),
    (1709, 289, 12, 1),
    (1710, 289, 5, 1),
    (1711, 289, 1, 2),
    (1712, 289, 16, 1),
    (1713, 289, 14, 2),
    (1714, 290, 15, 2),
    (1715, 290, 5, 3),
    (1716, 290, 16, 3),
    (1717, 290, 18, 3),
    (1718, 290, 4, 3),
    (1719, 290, 6, 1),
    (1720, 290, 17, 2),
    (1721, 290, 9, 1),
    (1722, 291, 6, 3),
    (1723, 291, 20, 1),
    (1724, 291, 9, 2),
    (1725, 291, 11, 1),
    (1726, 291, 13, 1),
    (1727, 291, 1, 2),
    (1728, 291, 17, 1),
    (1729, 291, 10, 3),
    (1730, 291, 2, 1),
    (1731, 291, 19, 1),
    (1732, 291, 5, 3),
    (1733, 292, 17, 2),
    (1734, 292, 8, 1),
    (1735, 292, 2, 3),
    (1736, 292, 4, 2),
    (1737, 292, 5, 3),
    (1738, 292, 15, 2),
    (1739, 293, 8, 3),
    (1740, 293, 9, 1),
    (1741, 293, 13, 1),
    (1742, 293, 2, 3),
    (1743, 293, 4, 2),
    (1744, 293, 16, 3),
    (1745, 293, 5, 1),
    (1746, 293, 17, 2),
    (1747, 293, 20, 2),
    (1748, 293, 19, 1),
    (1749, 293, 1, 1),
    (1750, 294, 16, 2),
    (1751, 294, 1, 3),
    (1752, 294, 20, 1),
    (1753, 294, 6, 2),
    (1754, 294, 18, 2),
    (1755, 294, 14, 2),
    (1756, 294, 17, 1),
    (1757, 294, 9, 2),
    (1758, 294, 12, 2),
    (1759, 294, 5, 1),
    (1760, 295, 2, 2),
    (1761, 295, 7, 2),
    (1762, 295, 1, 1),
    (1763, 295, 14, 3),
    (1764, 295, 18, 3),
    (1765, 295, 16, 1),
    (1766, 295, 3, 3),
    (1767, 295, 13, 1),
    (1768, 296, 1, 2),
    (1769, 296, 2, 3),
    (1770, 296, 7, 2),
    (1771, 296, 19, 3),
    (1772, 296, 4, 1),
    (1773, 296, 18, 1),
    (1774, 296, 17, 2),
    (1775, 296, 16, 1),
    (1776, 296, 11, 3),
    (1777, 296, 20, 3),
    (1778, 296, 12, 3),
    (1779, 297, 7, 1),
    (1780, 297, 9, 2),
    (1781, 297, 1, 1),
    (1782, 297, 16, 1),
    (1783, 297, 20, 1),
    (1784, 297, 12, 3),
    (1785, 297, 5, 2),
    (1786, 297, 2, 2),
    (1787, 297, 17, 1),
    (1788, 298, 3, 3),
    (1789, 298, 11, 1),
    (1790, 298, 1, 1),
    (1791, 299, 7, 2),
    (1792, 299, 18, 1),
    (1793, 299, 13, 3),
    (1794, 300, 15, 3),
    (1795, 300, 8, 1),
    (1796, 300, 11, 1),
    (1797, 300, 5, 1),
    (1798, 300, 19, 3),
    (1799, 300, 17, 2),
    (1800, 300, 1, 1);
SET IDENTITY_INSERT OrderDetails OFF;





-- Populate the Expenses table
SET IDENTITY_INSERT Expenses ON;
INSERT INTO Expenses (expense_id, coffee_store_id, cost, date, expense_type) VALUES
     (1, 1, 195.56, '2023-10-01', 'Electricity'),
     (2, 1, 163.17, '2023-10-01', 'Water'),
     (3, 1, 1870.52, '2023-10-01', 'Salaries'),
     (4, 1, 652.87, '2023-10-01', 'Rent'),
     (5, 1, 1191.9, '2023-10-01', 'Marketing'),
     (6, 1, 792.27, '2023-10-01', 'Equipment'),
     (7, 1, 292.07, '2023-10-01', 'Repairs'),
     (8, 2, 106.5, '2023-10-01', 'Electricity'),
     (9, 2, 134.11, '2023-10-01', 'Water'),
     (10, 2, 1621.66, '2023-10-01', 'Salaries'),
     (11, 2, 630.85, '2023-10-01', 'Rent'),
     (12, 2, 818.32, '2023-10-01', 'Marketing'),
     (13, 2, 461.93, '2023-10-01', 'Repairs'),
     (14, 3, 169.05, '2023-10-01', 'Electricity'),
     (15, 3, 141.63, '2023-10-01', 'Water'),
     (16, 3, 1707.73, '2023-10-01', 'Salaries'),
     (17, 3, 574.9, '2023-10-01', 'Rent'),
     (18, 1, 182.55, '2023-10-31', 'Electricity'),
     (19, 1, 154.97, '2023-10-31', 'Water'),
     (20, 1, 1594.1, '2023-10-31', 'Salaries'),
     (21, 1, 625.56, '2023-10-31', 'Rent'),
     (22, 1, 905.56, '2023-10-31', 'Marketing'),
     (23, 1, 817.58, '2023-10-31', 'Equipment'),
     (24, 2, 109.66, '2023-10-31', 'Electricity'),
     (25, 2, 150.77, '2023-10-31', 'Water'),
     (26, 2, 1701.91, '2023-10-31', 'Salaries'),
     (27, 2, 707.45, '2023-10-31', 'Rent'),
     (28, 2, 923.0, '2023-10-31', 'Equipment'),
     (29, 3, 127.59, '2023-10-31', 'Electricity'),
     (30, 3, 183.9, '2023-10-31', 'Water'),
     (31, 3, 1932.63, '2023-10-31', 'Salaries'),
     (32, 3, 730.6, '2023-10-31', 'Rent'),
     (33, 3, 251.9, '2023-10-31', 'Repairs'),
     (34, 1, 165.57, '2023-11-30', 'Electricity'),
     (35, 1, 158.03, '2023-11-30', 'Water'),
     (36, 1, 1813.41, '2023-11-30', 'Salaries'),
     (37, 1, 675.6, '2023-11-30', 'Rent'),
     (38, 1, 917.26, '2023-11-30', 'Equipment'),
     (39, 1, 390.56, '2023-11-30', 'Repairs'),
     (40, 2, 185.79, '2023-11-30', 'Electricity'),
     (41, 2, 162.65, '2023-11-30', 'Water'),
     (42, 2, 1705.82, '2023-11-30', 'Salaries'),
     (43, 2, 551.6, '2023-11-30', 'Rent'),
     (44, 2, 453.53, '2023-11-30', 'Repairs'),
     (45, 3, 188.79, '2023-11-30', 'Electricity'),
     (46, 3, 122.88, '2023-11-30', 'Water'),
     (47, 3, 1954.57, '2023-11-30', 'Salaries'),
     (48, 3, 530.52, '2023-11-30', 'Rent'),
     (49, 3, 973.17, '2023-11-30', 'Marketing'),
     (50, 1, 159.46, '2023-12-30', 'Electricity'),
     (51, 1, 194.5, '2023-12-30', 'Water'),
     (52, 1, 1579.51, '2023-12-30', 'Salaries'),
     (53, 1, 654.92, '2023-12-30', 'Rent'),
     (54, 1, 362.07, '2023-12-30', 'Repairs'),
     (55, 2, 197.85, '2023-12-30', 'Electricity'),
     (56, 2, 164.63, '2023-12-30', 'Water'),
     (57, 2, 1910.78, '2023-12-30', 'Salaries'),
     (58, 2, 621.14, '2023-12-30', 'Rent'),
     (59, 2, 995.95, '2023-12-30', 'Equipment'),
     (60, 2, 259.91, '2023-12-30', 'Repairs'),
     (61, 3, 164.1, '2023-12-30', 'Electricity'),
     (62, 3, 192.56, '2023-12-30', 'Water'),
     (63, 3, 1658.04, '2023-12-30', 'Salaries'),
     (64, 3, 599.62, '2023-12-30', 'Rent'),
     (65, 3, 985.18, '2023-12-30', 'Equipment'),
     (66, 1, 182.68, '2024-01-29', 'Electricity'),
     (67, 1, 197.71, '2024-01-29', 'Water'),
     (68, 1, 1941.31, '2024-01-29', 'Salaries'),
     (69, 1, 565.0, '2024-01-29', 'Rent'),
     (70, 1, 1053.97, '2024-01-29', 'Marketing'),
     (71, 1, 977.97, '2024-01-29', 'Equipment'),
     (72, 1, 333.5, '2024-01-29', 'Repairs'),
     (73, 2, 108.95, '2024-01-29', 'Electricity'),
     (74, 2, 195.37, '2024-01-29', 'Water'),
     (75, 2, 1770.4, '2024-01-29', 'Salaries'),
     (76, 2, 776.05, '2024-01-29', 'Rent'),
     (77, 2, 750.67, '2024-01-29', 'Equipment'),
     (78, 3, 164.39, '2024-01-29', 'Electricity'),
     (79, 3, 135.65, '2024-01-29', 'Water'),
     (80, 3, 1880.52, '2024-01-29', 'Salaries'),
     (81, 3, 669.93, '2024-01-29', 'Rent'),
     (82, 3, 378.61, '2024-01-29', 'Marketing'),
     (83, 3, 344.52, '2024-01-29', 'Repairs'),
     (84, 1, 194.61, '2024-02-28', 'Electricity'),
     (85, 1, 120.46, '2024-02-28', 'Water'),
     (86, 1, 1803.68, '2024-02-28', 'Salaries'),
     (87, 1, 664.61, '2024-02-28', 'Rent'),
     (88, 1, 571.25, '2024-02-28', 'Marketing'),
     (89, 1, 752.63, '2024-02-28', 'Equipment'),
     (90, 2, 156.28, '2024-02-28', 'Electricity'),
     (91, 2, 145.04, '2024-02-28', 'Water'),
     (92, 2, 1775.09, '2024-02-28', 'Salaries'),
     (93, 2, 724.0, '2024-02-28', 'Rent'),
     (94, 2, 979.73, '2024-02-28', 'Equipment'),
     (95, 2, 338.54, '2024-02-28', 'Repairs'),
     (96, 3, 143.79, '2024-02-28', 'Electricity'),
     (97, 3, 196.05, '2024-02-28', 'Water'),
     (98, 3, 1920.55, '2024-02-28', 'Salaries'),
     (99, 3, 718.07, '2024-02-28', 'Rent'),
     (100, 3, 748.73, '2024-02-28', 'Marketing'),
     (101, 1, 196.28, '2024-03-29', 'Electricity'),
     (102, 1, 144.93, '2024-03-29', 'Water'),
     (103, 1, 1601.1, '2024-03-29', 'Salaries'),
     (104, 1, 768.36, '2024-03-29', 'Rent'),
     (105, 2, 144.8, '2024-03-29', 'Electricity'),
     (106, 2, 128.74, '2024-03-29', 'Water'),
     (107, 2, 1615.47, '2024-03-29', 'Salaries'),
     (108, 2, 706.87, '2024-03-29', 'Rent'),
     (109, 2, 439.68, '2024-03-29', 'Repairs'),
     (110, 3, 141.0, '2024-03-29', 'Electricity'),
     (111, 3, 174.24, '2024-03-29', 'Water'),
     (112, 3, 1746.45, '2024-03-29', 'Salaries'),
     (113, 3, 791.34, '2024-03-29', 'Rent'),
     (114, 3, 870.07, '2024-03-29', 'Marketing'),
     (115, 3, 794.27, '2024-03-29', 'Equipment'),
     (116, 3, 291.3, '2024-03-29', 'Repairs'),
     (117, 1, 186.06, '2024-04-28', 'Electricity'),
     (118, 1, 124.08, '2024-04-28', 'Water'),
     (119, 1, 1863.06, '2024-04-28', 'Salaries'),
     (120, 1, 648.94, '2024-04-28', 'Rent'),
     (121, 1, 931.82, '2024-04-28', 'Equipment'),
     (122, 1, 466.33, '2024-04-28', 'Repairs'),
     (123, 2, 166.59, '2024-04-28', 'Electricity'),
     (124, 2, 141.83, '2024-04-28', 'Water'),
     (125, 2, 1589.64, '2024-04-28', 'Salaries'),
     (126, 2, 624.1, '2024-04-28', 'Rent'),
     (127, 2, 319.68, '2024-04-28', 'Repairs'),
     (128, 3, 135.47, '2024-04-28', 'Electricity'),
     (129, 3, 156.91, '2024-04-28', 'Water'),
     (130, 3, 1903.4, '2024-04-28', 'Salaries'),
     (131, 3, 776.67, '2024-04-28', 'Rent'),
     (132, 3, 853.79, '2024-04-28', 'Marketing'),
     (133, 1, 142.65, '2024-05-28', 'Electricity'),
     (134, 1, 192.63, '2024-05-28', 'Water'),
     (135, 1, 1864.65, '2024-05-28', 'Salaries'),
     (136, 1, 647.22, '2024-05-28', 'Rent'),
     (137, 1, 804.9, '2024-05-28', 'Marketing'),
     (138, 1, 703.35, '2024-05-28', 'Equipment'),
     (139, 1, 267.64, '2024-05-28', 'Repairs'),
     (140, 2, 164.46, '2024-05-28', 'Electricity'),
     (141, 2, 122.3, '2024-05-28', 'Water'),
     (142, 2, 1709.15, '2024-05-28', 'Salaries'),
     (143, 2, 609.82, '2024-05-28', 'Rent'),
     (144, 2, 533.59, '2024-05-28', 'Marketing'),
     (145, 2, 732.65, '2024-05-28', 'Equipment'),
     (146, 3, 110.23, '2024-05-28', 'Electricity'),
     (147, 3, 179.15, '2024-05-28', 'Water'),
     (148, 3, 1867.11, '2024-05-28', 'Salaries'),
     (149, 3, 624.04, '2024-05-28', 'Rent'),
     (150, 3, 301.0, '2024-05-28', 'Repairs');
SET IDENTITY_INSERT Expenses OFF;
