-- Populating Locations
SET IDENTITY_INSERT Locations ON;
INSERT INTO Locations (location_id, country, region, city, address)
VALUES
    (1, 'Romania', 'Constanta', 'Constanta', 'Str. Mircea cel Batran 10'),
    (2, 'Romania', 'Municipality of Bucharest', 'Bucharest', 'Calea Victoriei 100'),
    (3, 'Romania', 'Prahova', 'Sinaia', 'Str. Octavian Goga 5'),
    (4, 'Spain', 'Catalonia', 'Barcelona', 'Carrer de Mallorca 101'),
    (5, 'Colombia', 'Bogota', 'Bogota', 'Carrera 15 #23-10');
SET IDENTITY_INSERT Locations OFF;

-- Populating Suppliers
SET IDENTITY_INSERT Suppliers ON;
INSERT INTO Suppliers (supplier_id, company_name, contact_name, homepage, location_id)
VALUES
    (1, 'Latino Beans', 'Juan Perez', 'www.latinobeans.com', 5),
    (2, 'Iberian Goods', 'Carlos Garcia', 'www.iberiangoods.es', 4),
    (3, 'Andean Coffee', 'Maria Sanchez', 'www.andeancoffee.co', 5),
    (4, 'Amazon Flavors', 'Pedro Alvarado', 'www.amazonflavors.com', 5),
    (5, 'Mediterranean Spices', 'Ana Martinez', 'www.mediterraneanspices.com', 4);
SET IDENTITY_INSERT Suppliers OFF;

-- Populating Employees
SET IDENTITY_INSERT Employees ON;
INSERT INTO Employees (employee_id, chain_id, first_name, last_name, salary, birth_date, hire_date, phone, manager_id)
VALUES
    -- CEO (no manager)
    (1, NULL,  'Diana', 'ADracula', 20000, '1785-05-15', '2010-06-01', '+40 123 456 789', NULL),
    -- Managers (report to CEO)
    (2, 1,  'Tudor', 'Frecus', 7500, '1990-01-20', '2015-03-01', '+40 234 567 890', 1),
    (3, 2,  'Matei', 'Aldea', 8000, '1985-01-19', '2018-08-15', '+40 345 678 901', 1),
    (4, 3,  'David', 'Aldea', 8500, '1992-01-18', '2020-05-10', '+40 456 789 012', 2),
    -- Employees (report to Managers)
    (5, 1, 'Radu', 'Diaconu', 3500, '1995-11-25', '2019-01-20', '+40 567 890 123', 3),
    (6, 1, 'Ana', 'Popa', 3900, '1993-02-20', '2020-02-15', '+40 678 901 234', 3),
    (7, 2, 'Cristian', 'Georgescu', 3000, '1997-02-05', '2022-03-10', '+40 789 012 345', 4),
    (8, 2, 'Andreea', 'Stoica', 3500, '1996-01-15', '2022-04-05', '+40 890 123 456', 4),
    (9, 3, 'Mihai', 'Popescu', 4000, '1998-03-20', '2022-05-01', '+40 901 234 567', 5),
    (10, 3, 'Maria', 'Ionescu', 4000, '1999-06-25', '2023-06-15', '+40 012 345 678', 5);
SET IDENTITY_INSERT Employees OFF;

-- Populating CoffeeStores
SET IDENTITY_INSERT CoffeeStores ON;
INSERT INTO CoffeeStores (coffee_store_id, store_name, location_id, manager_id, revenue_goal)
VALUES
    (1, 'BOB', 1, 2, 20000.00),
    (2, 'Energy by BOB', 2, 3, 25000.00),
    (3, 'BOB and all', 3, 4, 25000.00);
SET IDENTITY_INSERT CoffeeStores OFF;

-- Populating Customers
SET IDENTITY_INSERT Customers ON;
INSERT INTO Customers (customer_id, name, email, phone_number, registration_date, preffered_chain_id)
VALUES
    (1, 'Alice Walker', 'alice.walker@example.com', '+40 701 123 456', '2023-12-01', 1),
    (2, 'Bob Marley', 'bob.marley@example.com', '+40 702 234 567', '2023-11-15', 1),
    (3, 'Charlie Brown', 'charlie.brown@example.com', '+40 703 345 678', '2023-10-20', 1),
    (4, 'Diana Prince', 'diana.prince@example.com', '+40 704 456 789', '2023-09-12', 1),
    (5, 'Ethan Hunt', 'ethan.hunt@example.com', '+40 705 567 890', '2023-08-25', 2),
    (6, 'Fiona Apple', 'fiona@gmail.com', '+40 706 678 901', '2023-07-30', 2),
    (7, 'George Clooney', 'georgeCLY@gmail.com', '+40 707 789 012', '2023-06-15', 3),
    (8, 'Helen Mirren', 'mirren.helen@gmail.com', '+40 708 890 123', '2023-05-20', 3),
    (9, 'Irina Shayk', 'shaykTheOne@gmail.com', '+40 709 901 234', '2023-04-12', 3),
    (10, 'John Doe', 'the_deer@gmail.com', '+40 710 012 345', '2023-03-25', 3);

SET IDENTITY_INSERT Customers OFF;

-- Populating Products
SET IDENTITY_INSERT Products ON;
INSERT INTO Products (product_id, supplier_id, name, category, unit_price)
VALUES
    (1, 1, 'Arabica Coffee', 'CoffeeBag', 100.0),
    (2, 2, 'Brazilian Beans', 'CoffeeBag', 150.00),
    (3, 3, 'Colombian Roast', 'CoffeeBag', 150.00),
    (4, 4, 'Peruvian Coffee', 'CoffeeBag', 200.00),
    (5, 5, 'Turkey Sandwich', 'Food', 45.00),
    (6, 1, 'Chocolate Cookies', 'Food', 40.00),
    (7, 2, 'Chicken Sandwich', 'Food', 40.00),
    (8, 3, 'Crackers', 'Food', 30.00),
    (9, 4, 'Latte', 'Beverage', 30.00),
    (10, 5, 'Mocha', 'Beverage', 35.00),
    (11, 1, 'Espresso', 'Beverage', 30.00),
    (12, 2, 'Cappuccino', 'Beverage', 35.00),
    (13, 3, 'Americano', 'Beverage', 30.00),
    (14, 4, 'Macchiato', 'Beverage', 30.00),
    (15, 5, 'Flat White', 'Beverage', 35.00),
    (16, 1, 'Tea', 'Beverage', 20.00),
    (17, 2, 'Hot Chocolate', 'Beverage', 30.00),
    (18, 3, 'Iced Coffee', 'Beverage', 33.00),
    (19, 4, 'Iced Tea', 'Beverage', 33.00),
    (20, 5, 'Smoothie', 'Beverage', 35.00);
SET IDENTITY_INSERT Products OFF;


-- Populating ProductInventory
SET IDENTITY_INSERT ProductInventory ON;
INSERT INTO ProductInventory (inventory_id, coffee_store_id, product_id, quantity, last_updated)
VALUES
    -- BOB constanta
    (1, 1, 1, 120, '2023-12-01'),
    (2, 1, 2, 50, '2023-12-01'),
    (3, 1, 5, 20, '2023-12-01'),
    (4, 1, 6, 30, '2023-12-01'),
    (5, 1, 9, 40, '2023-12-01'),
    (6, 1, 10, 30, '2023-12-01'),
    (7, 1, 11, 50, '2023-12-01'),
    (8, 1, 12, 40, '2023-12-01'),
    (9, 1, 15, 20, '2023-12-01'),
    (10, 1, 16, 105, '2023-12-01'),
    (11, 1, 17, 40, '2023-12-01'),
    (12, 1, 18, 50, '2023-12-01'),
    (13, 1, 19, 30, '2023-12-01'),
    (14, 1, 20, 20, '2023-12-01'),

    -- Energy by BOB Bucharest
    (15, 2, 3, 140, '2023-11-15'),
    (16, 2, 4, 50, '2023-11-15'),
    (17, 2, 7, 20, '2023-11-15'),
    (18, 2, 8, 30, '2023-11-15'),
    (19, 2, 9, 40, '2023-11-15'),
    (20, 2, 10, 30, '2023-11-15'),
    (21, 2, 13, 50, '2023-11-15'),
    (22, 2, 14, 40, '2023-11-15'),
    (23, 2, 15, 20, '2023-11-15'),
    (24, 2, 16, 30, '2023-11-15'),
    (25, 2, 17, 40, '2023-11-15'),
    (26, 2, 18, 50, '2023-11-15'),
    (27, 2, 19, 30, '2023-11-15'),
    (28, 2, 20, 20, '2023-11-15'),

    -- BOB and all Sinaia
    (29, 3, 1, 100, '2023-10-20'),
    (30, 3, 2, 50, '2023-10-20'),
    (31, 3, 5, 20, '2023-10-20'),
    (32, 3, 6, 110, '2023-10-20'),
    (33, 3, 9, 40, '2023-10-20'),
    (34, 3, 10, 30, '2023-10-20'),
    (35, 3, 11, 50, '2023-10-20'),
    (36, 3, 12, 40, '2023-10-20'),
    (37, 3, 15, 180, '2023-10-20'),
    (38, 3, 16, 30, '2023-10-20'),
    (39, 3, 17, 40, '2023-10-20'),
    (40, 3, 18, 50, '2023-10-20'),
    (41, 3, 19, 30, '2023-10-20'),
    (42, 3, 20, 20, '2023-10-20');

SET IDENTITY_INSERT ProductInventory OFF;

-- Populating Orders
SET IDENTITY_INSERT Orders ON;
INSERT INTO Orders (order_id, customer_id, employee_id, coffee_store_id, order_date)
VALUES
    (1, NULL, 5, 1, '2024-10-16 20:31:43'),
    (2, 10, 6, 1, '2025-03-04 20:11:09'),
    (3, 3, 7, 2, '2024-09-21 15:21:38'),
    (4, NULL, 9, 3, '2024-10-30 01:30:24'),
    (5, NULL, 7, 2, '2025-04-11 16:55:21'),
    (6, NULL, 7, 2, '2024-10-14 17:29:22'),
    (7, NULL, 10, 3, '2024-11-07 07:38:36'),
    (8, 3, 9, 3, '2024-11-19 10:07:19'),
    (9, 1, 7, 2, '2025-04-05 15:12:00'),
    (10, 7, 10, 3, '2025-02-23 10:32:49'),
    (11, 10, 7, 2, '2025-04-30 21:29:09'),
    (12, 1, 10, 3, '2024-12-07 08:32:12'),
    (13, NULL, 7, 2, '2025-03-04 22:40:49'),
    (14, NULL, 9, 3, '2024-10-16 08:10:50'),
    (15, 7, 8, 2, '2025-02-25 05:14:35'),
    (16, NULL, 5, 1, '2024-08-15 05:42:46'),
    (17, NULL, 6, 1, '2024-12-25 02:57:24'),
    (18, NULL, 5, 1, '2025-01-27 11:43:58'),
    (19, NULL, 10, 3, '2025-02-04 16:10:40'),
    (20, NULL, 7, 2, '2024-12-01 15:23:01'),
    (21, NULL, 10, 3, '2024-10-25 07:28:20'),
    (22, NULL, 6, 1, '2025-02-23 06:18:57'),
    (23, NULL, 7, 2, '2024-09-16 14:22:45'),
    (24, NULL, 9, 3, '2024-08-24 19:32:41'),
    (25, 6, 9, 3, '2024-12-23 10:05:03'),
    (26, NULL, 7, 2, '2025-02-01 00:06:41'),
    (27, NULL, 8, 2, '2024-08-25 03:40:56'),
    (28, NULL, 8, 2, '2024-10-14 06:57:34'),
    (29, NULL, 8, 2, '2025-03-27 22:27:05'),
    (30, 3, 8, 2, '2025-01-17 09:04:55'),
    (31, 7, 9, 3, '2024-09-04 17:41:37'),
    (32, NULL, 8, 2, '2025-02-17 07:49:25'),
    (33, 7, 10, 3, '2025-01-12 03:02:45'),
    (34, 3, 10, 3, '2025-01-19 23:49:36'),
    (35, 2, 5, 1, '2024-11-04 22:15:30'),
    (36, NULL, 6, 1, '2024-08-06 19:10:51'),
    (37, NULL, 10, 3, '2024-09-11 01:11:18'),
    (38, NULL, 5, 1, '2024-08-17 21:11:47'),
    (39, 9, 7, 2, '2025-04-20 04:35:11'),
    (40, 10, 7, 2, '2025-01-10 07:16:42'),
    (41, NULL, 9, 3, '2024-10-01 08:46:13'),
    (42, NULL, 8, 2, '2024-08-31 08:37:37'),
    (43, 4, 8, 2, '2025-04-05 04:56:14'),
    (44, 7, 10, 3, '2024-09-13 15:45:06'),
    (45, NULL, 9, 3, '2024-10-02 01:36:06'),
    (46, NULL, 6, 1, '2025-03-10 03:18:26'),
    (47, NULL, 7, 2, '2024-11-25 20:28:23'),
    (48, 1, 5, 1, '2024-12-31 13:21:02'),
    (49, 6, 9, 3, '2025-03-23 16:39:12'),
    (50, 2, 9, 3, '2025-04-09 00:19:12'),
    (51, NULL, 9, 3, '2025-02-13 10:30:25'),
    (52, NULL, 8, 2, '2024-10-05 10:06:29'),
    (53, NULL, 9, 3, '2024-11-15 05:09:22'),
    (54, NULL, 8, 2, '2024-11-13 07:05:21'),
    (55, 8, 5, 1, '2025-04-28 16:55:19'),
    (56, 1, 8, 2, '2024-11-30 22:28:35'),
    (57, 7, 6, 1, '2024-12-28 07:11:18'),
    (58, NULL, 8, 2, '2025-01-22 08:11:38'),
    (59, NULL, 5, 1, '2025-02-21 05:39:55'),
    (60, 7, 10, 3, '2024-09-04 06:06:18'),
    (61, NULL, 9, 3, '2024-11-05 15:01:22'),
    (62, NULL, 10, 3, '2025-04-17 21:18:58'),
    (63, 9, 6, 1, '2025-03-01 00:59:28'),
    (64, NULL, 8, 2, '2025-04-27 14:21:49'),
    (65, NULL, 7, 2, '2024-09-29 03:55:48'),
    (66, 9, 7, 2, '2025-04-26 10:36:15'),
    (67, NULL, 10, 3, '2024-08-16 12:38:33'),
    (68, 8, 10, 3, '2024-11-04 15:00:27'),
    (69, NULL, 5, 1, '2025-03-03 10:52:15'),
    (70, NULL, 10, 3, '2024-12-23 05:40:17'),
    (71, 10, 6, 1, '2024-12-13 20:10:00'),
    (72, 7, 7, 2, '2025-04-13 06:23:49'),
    (73, 5, 5, 1, '2025-02-19 07:02:10'),
    (74, 8, 8, 2, '2025-04-21 12:35:20'),
    (75, 5, 9, 3, '2025-04-27 16:09:29'),
    (76, 8, 8, 2, '2025-02-19 20:51:40'),
    (77, NULL, 10, 3, '2025-02-22 19:53:21'),
    (78, NULL, 6, 1, '2025-03-14 10:39:59'),
    (79, 3, 8, 2, '2025-02-05 01:22:23'),
    (80, 2, 8, 2, '2024-12-14 01:59:26'),
    (81, 9, 8, 2, '2025-04-06 12:28:03'),
    (82, 2, 6, 1, '2025-01-26 07:35:05'),
    (83, 1, 5, 1, '2025-04-27 03:16:25'),
    (84, NULL, 6, 1, '2025-03-04 02:48:18'),
    (85, 4, 8, 2, '2024-11-20 01:13:12'),
    (86, NULL, 10, 3, '2025-04-06 10:20:50'),
    (87, 4, 10, 3, '2024-10-17 02:37:02'),
    (88, 6, 7, 2, '2025-04-21 15:40:48'),
    (89, 4, 8, 2, '2025-04-03 18:10:24'),
    (90, NULL, 8, 2, '2024-12-06 06:41:30'),
    (91, NULL, 7, 2, '2024-12-21 19:35:59'),
    (92, 3, 9, 3, '2024-10-01 14:58:28'),
    (93, 3, 9, 3, '2025-03-30 20:17:26'),
    (94, NULL, 8, 2, '2025-03-19 21:07:51'),
    (95, 2, 8, 2, '2024-12-08 19:12:41'),
    (96, NULL, 10, 3, '2024-10-31 13:29:57'),
    (97, NULL, 5, 1, '2024-11-23 18:56:15'),
    (98, 8, 9, 3, '2025-04-20 14:34:24'),
    (99, NULL, 10, 3, '2024-12-23 01:07:12'),
    (100, NULL, 10, 3, '2025-02-16 18:32:33'),
    (101, 1, 6, 1, '2024-08-27 07:06:52'),
    (102, NULL, 9, 3, '2024-12-11 04:23:45'),
    (103, NULL, 9, 3, '2025-01-28 04:52:24'),
    (104, 2, 5, 1, '2025-04-17 21:03:11'),
    (105, NULL, 8, 2, '2025-03-26 14:34:57'),
    (106, NULL, 8, 2, '2024-12-13 14:08:52'),
    (107, 1, 8, 2, '2024-09-09 22:18:02'),
    (108, NULL, 5, 1, '2025-04-21 10:17:14'),
    (109, 4, 10, 3, '2024-11-04 21:32:28'),
    (110, 9, 5, 1, '2024-12-15 07:16:11'),
    (111, NULL, 6, 1, '2024-12-18 22:53:06'),
    (112, NULL, 8, 2, '2025-02-14 18:34:12'),
    (113, 6, 8, 2, '2025-01-20 01:09:21'),
    (114, 1, 5, 1, '2025-04-07 04:12:45'),
    (115, NULL, 9, 3, '2024-09-22 04:36:05'),
    (116, 4, 7, 2, '2024-10-22 10:02:26'),
    (117, 3, 10, 3, '2024-10-07 13:33:59'),
    (118, 9, 8, 2, '2024-10-23 04:52:21'),
    (119, 6, 9, 3, '2025-03-30 10:41:54'),
    (120, 9, 5, 1, '2024-09-01 11:34:18'),
    (121, 7, 8, 2, '2024-09-27 13:06:56'),
    (122, 10, 8, 2, '2024-12-20 23:07:14'),
    (123, 10, 5, 1, '2024-11-17 22:28:18'),
    (124, NULL, 7, 2, '2024-08-25 12:22:46'),
    (125, 1, 8, 2, '2025-01-28 02:45:49'),
    (126, NULL, 5, 1, '2024-10-07 03:32:13'),
    (127, 10, 10, 3, '2025-03-22 05:54:57'),
    (128, NULL, 8, 2, '2025-04-18 06:30:41'),
    (129, 2, 5, 1, '2024-09-17 23:35:06'),
    (130, 6, 9, 3, '2025-03-21 18:14:34'),
    (131, 7, 7, 2, '2024-12-19 07:37:19'),
    (132, 6, 9, 3, '2024-12-16 05:00:45'),
    (133, 1, 10, 3, '2025-03-25 08:35:50'),
    (134, NULL, 6, 1, '2025-04-14 12:35:50'),
    (135, NULL, 5, 1, '2024-11-13 06:22:40'),
    (136, NULL, 5, 1, '2024-12-03 19:17:54'),
    (137, 7, 5, 1, '2025-01-03 01:07:57'),
    (138, 4, 9, 3, '2025-02-06 21:29:48'),
    (139, NULL, 9, 3, '2024-12-26 22:13:26'),
    (140, 10, 10, 3, '2024-11-11 18:39:26'),
    (141, 9, 5, 1, '2025-04-30 05:38:28'),
    (142, NULL, 6, 1, '2025-01-05 11:33:17'),
    (143, 9, 6, 1, '2024-09-17 19:10:23'),
    (144, NULL, 5, 1, '2024-11-26 04:49:36'),
    (145, 10, 8, 2, '2025-01-19 14:58:26'),
    (146, 1, 6, 1, '2025-03-11 11:11:46'),
    (147, NULL, 7, 2, '2024-11-11 13:37:43'),
    (148, 7, 9, 3, '2024-10-07 14:56:44'),
    (149, 2, 7, 2, '2025-04-16 22:14:27'),
    (150, NULL, 5, 1, '2025-04-28 00:45:28'),
    (151, NULL, 7, 2, '2024-12-31 21:27:58'),
    (152, NULL, 5, 1, '2025-04-04 02:42:02'),
    (153, 2, 6, 1, '2024-11-05 13:30:29'),
    (154, NULL, 6, 1, '2025-01-10 23:48:23'),
    (155, 10, 7, 2, '2024-08-26 14:32:59'),
    (156, NULL, 10, 3, '2024-09-11 21:33:19'),
    (157, NULL, 8, 2, '2024-09-04 06:45:44'),
    (158, 6, 10, 3, '2025-01-26 18:30:55'),
    (159, 1, 6, 1, '2025-03-10 09:26:38'),
    (160, NULL, 5, 1, '2025-04-04 18:51:53'),
    (161, 3, 8, 2, '2025-02-19 07:15:34'),
    (162, 6, 9, 3, '2025-03-17 04:01:27'),
    (163, NULL, 7, 2, '2024-10-21 13:44:09'),
    (164, 4, 7, 2, '2025-04-11 15:29:43'),
    (165, NULL, 6, 1, '2024-11-24 02:43:20'),
    (166, NULL, 7, 2, '2024-08-11 06:51:02'),
    (167, 5, 8, 2, '2024-10-15 00:40:25'),
    (168, 10, 10, 3, '2025-01-02 11:08:27'),
    (169, NULL, 9, 3, '2024-11-09 02:15:03'),
    (170, 8, 9, 3, '2024-09-25 14:18:03'),
    (171, NULL, 5, 1, '2024-12-26 13:25:45'),
    (172, 2, 8, 2, '2024-12-29 05:23:48'),
    (173, NULL, 8, 2, '2025-02-02 08:03:14'),
    (174, 6, 8, 2, '2025-02-14 00:24:04'),
    (175, NULL, 6, 1, '2024-11-01 07:49:09'),
    (176, NULL, 6, 1, '2025-04-09 12:00:46'),
    (177, 1, 10, 3, '2025-01-18 01:41:03'),
    (178, NULL, 8, 2, '2025-01-12 09:24:35'),
    (179, NULL, 7, 2, '2024-08-18 22:49:13'),
    (180, NULL, 10, 3, '2024-09-11 06:07:14'),
    (181, 2, 10, 3, '2024-12-09 14:55:55'),
    (182, NULL, 7, 2, '2024-12-29 04:10:38'),
    (183, NULL, 9, 3, '2025-03-13 10:53:24'),
    (184, NULL, 9, 3, '2024-11-24 13:52:39'),
    (185, 2, 7, 2, '2025-04-17 17:39:25'),
    (186, NULL, 6, 1, '2025-03-30 18:46:12'),
    (187, 9, 9, 3, '2025-02-14 23:54:06'),
    (188, NULL, 8, 2, '2025-02-24 01:00:17'),
    (189, 10, 10, 3, '2024-08-17 06:44:13'),
    (190, NULL, 9, 3, '2025-04-16 09:36:06'),
    (191, 4, 6, 1, '2024-08-17 14:53:00'),
    (192, NULL, 7, 2, '2024-10-15 05:47:03'),
    (193, NULL, 8, 2, '2025-04-12 17:04:39'),
    (194, NULL, 5, 1, '2025-01-23 14:52:39'),
    (195, NULL, 9, 3, '2025-04-23 00:44:17'),
    (196, 10, 5, 1, '2024-08-25 23:37:59'),
    (197, 1, 8, 2, '2025-02-23 08:34:32'),
    (198, 5, 10, 3, '2024-09-24 11:18:40'),
    (199, NULL, 10, 3, '2024-08-21 03:03:45'),
    (200, NULL, 5, 1, '2025-04-21 20:40:00'),
    (201, NULL, 6, 1, '2024-09-30 18:09:02'),
    (202, 10, 5, 1, '2024-10-05 19:07:44'),
    (203, 2, 5, 1, '2025-01-22 17:37:50'),
    (204, 8, 9, 3, '2024-10-08 09:42:35'),
    (205, NULL, 5, 1, '2024-10-25 04:31:21'),
    (206, NULL, 10, 3, '2025-03-28 21:26:02'),
    (207, NULL, 5, 1, '2024-11-07 02:20:06'),
    (208, NULL, 5, 1, '2025-01-15 23:06:33'),
    (209, NULL, 9, 3, '2024-08-05 03:30:53'),
    (210, 10, 10, 3, '2025-02-21 22:58:34'),
    (211, 4, 10, 3, '2024-11-08 05:24:01'),
    (212, NULL, 9, 3, '2024-12-10 19:33:37'),
    (213, 5, 6, 1, '2025-02-20 09:10:28'),
    (214, NULL, 10, 3, '2025-04-08 16:28:40'),
    (215, 5, 8, 2, '2025-02-05 00:30:31'),
    (216, 7, 8, 2, '2025-04-07 18:46:56'),
    (217, 2, 6, 1, '2024-08-06 22:32:07'),
    (218, NULL, 10, 3, '2025-02-04 20:28:02'),
    (219, NULL, 6, 1, '2024-08-17 13:15:19'),
    (220, 6, 5, 1, '2025-01-20 05:12:40'),
    (221, 5, 10, 3, '2025-03-08 07:07:03'),
    (222, 4, 10, 3, '2024-10-05 08:54:27'),
    (223, NULL, 6, 1, '2025-02-13 12:12:06'),
    (224, 5, 7, 2, '2025-01-07 18:08:32'),
    (225, 4, 6, 1, '2024-09-26 04:30:16'),
    (226, NULL, 8, 2, '2025-04-12 05:20:34'),
    (227, NULL, 7, 2, '2025-01-24 09:42:54'),
    (228, NULL, 9, 3, '2024-10-08 16:07:31'),
    (229, 3, 10, 3, '2024-10-05 22:26:46'),
    (230, NULL, 6, 1, '2024-09-21 10:04:52'),
    (231, NULL, 8, 2, '2024-12-12 22:15:20'),
    (232, 3, 9, 3, '2025-03-28 11:01:35'),
    (233, 8, 7, 2, '2025-04-06 01:50:09'),
    (234, 6, 9, 3, '2024-08-03 01:31:49'),
    (235, 3, 9, 3, '2024-10-19 17:24:46'),
    (236, 6, 10, 3, '2024-09-12 02:48:51'),
    (237, 10, 10, 3, '2024-11-14 03:04:00'),
    (238, NULL, 7, 2, '2024-11-01 21:52:45'),
    (239, NULL, 7, 2, '2024-11-04 09:17:16'),
    (240, NULL, 6, 1, '2025-02-21 02:47:04'),
    (241, 8, 10, 3, '2025-01-27 02:00:24'),
    (242, 10, 8, 2, '2024-11-18 18:38:05'),
    (243, NULL, 6, 1, '2024-09-11 15:11:04'),
    (244, NULL, 5, 1, '2025-01-27 21:25:51'),
    (245, 5, 5, 1, '2025-04-06 07:08:10'),
    (246, 8, 9, 3, '2024-12-25 18:43:35'),
    (247, NULL, 6, 1, '2024-11-07 10:37:48'),
    (248, 10, 5, 1, '2024-08-22 12:05:45'),
    (249, 10, 6, 1, '2024-08-07 08:55:32'),
    (250, NULL, 10, 3, '2024-08-08 22:49:57'),
    (251, NULL, 7, 2, '2024-11-24 01:34:12'),
    (252, 4, 10, 3, '2025-02-28 18:50:13'),
    (253, NULL, 8, 2, '2024-11-24 19:15:08'),
    (254, 7, 8, 2, '2025-04-15 19:11:59'),
    (255, NULL, 6, 1, '2025-02-26 15:15:31'),
    (256, NULL, 7, 2, '2024-12-07 02:16:27'),
    (257, NULL, 8, 2, '2025-02-14 11:40:25'),
    (258, 10, 9, 3, '2025-04-18 21:35:23'),
    (259, NULL, 5, 1, '2024-11-11 19:59:42'),
    (260, NULL, 7, 2, '2024-11-03 19:15:41'),
    (261, 6, 9, 3, '2024-09-30 05:09:51'),
    (262, NULL, 8, 2, '2024-09-17 08:11:33'),
    (263, 10, 9, 3, '2024-10-13 03:17:52'),
    (264, 3, 9, 3, '2024-08-07 17:17:12'),
    (265, NULL, 8, 2, '2025-01-15 07:29:14'),
    (266, 6, 9, 3, '2024-10-04 23:55:58'),
    (267, 10, 7, 2, '2024-11-25 00:41:57'),
    (268, 10, 7, 2, '2024-12-28 17:06:46'),
    (269, NULL, 10, 3, '2024-10-30 01:16:05'),
    (270, NULL, 6, 1, '2025-01-15 08:38:56'),
    (271, 1, 9, 3, '2024-08-30 00:49:09'),
    (272, 6, 7, 2, '2025-02-17 06:57:37'),
    (273, NULL, 9, 3, '2024-11-27 03:20:54'),
    (274, 5, 7, 2, '2024-08-10 00:06:07'),
    (275, 5, 8, 2, '2024-08-20 06:26:37'),
    (276, NULL, 9, 3, '2024-08-11 03:16:44'),
    (277, NULL, 8, 2, '2025-02-25 17:42:05'),
    (278, NULL, 9, 3, '2024-09-12 21:32:00'),
    (279, NULL, 7, 2, '2024-10-03 17:26:39'),
    (280, 1, 8, 2, '2024-10-22 11:19:15'),
    (281, NULL, 10, 3, '2024-09-28 08:09:32'),
    (282, 4, 10, 3, '2025-02-02 06:59:37'),
    (283, 1, 8, 2, '2024-12-27 09:13:37'),
    (284, 2, 9, 3, '2024-12-21 12:17:12'),
    (285, 3, 5, 1, '2024-10-17 17:12:10'),
    (286, NULL, 6, 1, '2024-11-03 00:47:06'),
    (287, NULL, 6, 1, '2025-04-27 06:55:11'),
    (288, NULL, 7, 2, '2024-08-12 18:47:59'),
    (289, NULL, 10, 3, '2024-10-24 08:38:45'),
    (290, NULL, 5, 1, '2024-11-09 21:28:00'),
    (291, NULL, 8, 2, '2024-11-02 07:41:54'),
    (292, NULL, 9, 3, '2025-02-08 00:12:30'),
    (293, NULL, 10, 3, '2024-12-01 20:17:45'),
    (294, NULL, 9, 3, '2025-01-20 17:41:33'),
    (295, 10, 5, 1, '2024-11-09 19:41:06'),
    (296, 9, 8, 2, '2025-01-17 19:18:20'),
    (297, 10, 10, 3, '2025-04-10 00:53:46'),
    (298, 5, 9, 3, '2024-08-16 01:54:19'),
    (299, 10, 6, 1, '2025-03-05 21:52:24'),
    (300, NULL, 10, 3, '2024-12-20 07:53:38'),
    (301, NULL, 6, 1, '2025-01-23 07:31:26'),
    (302, 10, 9, 3, '2025-03-03 21:27:15'),
    (303, 8, 6, 1, '2024-10-08 01:28:16'),
    (304, NULL, 6, 1, '2024-08-10 03:45:40'),
    (305, NULL, 10, 3, '2024-09-04 12:45:27'),
    (306, NULL, 9, 3, '2024-10-14 20:34:15'),
    (307, 7, 8, 2, '2024-10-10 10:38:03'),
    (308, 5, 8, 2, '2024-09-27 13:23:37'),
    (309, NULL, 6, 1, '2025-01-04 22:18:49'),
    (310, 6, 9, 3, '2024-11-09 07:16:00'),
    (311, NULL, 6, 1, '2025-04-23 08:43:36'),
    (312, NULL, 9, 3, '2024-12-16 09:19:15'),
    (313, NULL, 8, 2, '2024-08-29 05:50:15'),
    (314, NULL, 8, 2, '2024-09-24 21:01:27'),
    (315, NULL, 5, 1, '2025-03-29 23:42:40'),
    (316, NULL, 10, 3, '2024-08-14 20:03:26'),
    (317, NULL, 7, 2, '2025-04-21 11:12:21'),
    (318, 5, 5, 1, '2024-09-19 03:21:18'),
    (319, NULL, 9, 3, '2024-08-20 12:01:24'),
    (320, NULL, 5, 1, '2024-09-27 22:17:18'),
    (321, 2, 8, 2, '2024-11-18 07:22:11'),
    (322, NULL, 7, 2, '2024-11-20 03:41:15'),
    (323, NULL, 7, 2, '2024-10-01 11:33:13'),
    (324, 9, 6, 1, '2024-11-16 06:35:44'),
    (325, 3, 6, 1, '2024-12-29 05:41:29'),
    (326, 5, 6, 1, '2024-09-01 11:15:24'),
    (327, NULL, 5, 1, '2025-04-03 01:44:08'),
    (328, 1, 6, 1, '2025-01-29 01:28:54'),
    (329, 1, 7, 2, '2025-02-16 10:38:15'),
    (330, NULL, 10, 3, '2025-02-14 01:14:22'),
    (331, NULL, 9, 3, '2024-10-07 09:04:57'),
    (332, NULL, 6, 1, '2025-01-29 13:35:31'),
    (333, 2, 9, 3, '2024-12-18 23:55:47'),
    (334, 3, 6, 1, '2024-12-24 01:07:37'),
    (335, NULL, 6, 1, '2024-11-22 12:44:22'),
    (336, 5, 6, 1, '2024-12-27 00:11:34'),
    (337, NULL, 7, 2, '2025-02-17 11:38:07'),
    (338, 3, 7, 2, '2025-01-24 12:54:18'),
    (339, NULL, 10, 3, '2025-03-03 22:50:49'),
    (340, NULL, 8, 2, '2025-04-21 03:57:03'),
    (341, NULL, 5, 1, '2024-10-09 06:00:06'),
    (342, 7, 9, 3, '2024-09-18 23:15:54'),
    (343, NULL, 7, 2, '2025-03-25 09:49:41'),
    (344, 5, 6, 1, '2024-10-12 16:31:03'),
    (345, NULL, 6, 1, '2024-09-02 15:46:58'),
    (346, NULL, 9, 3, '2025-01-13 18:30:43'),
    (347, 10, 6, 1, '2024-09-27 00:23:13'),
    (348, 4, 5, 1, '2025-01-20 05:07:39'),
    (349, 4, 5, 1, '2024-09-29 01:06:35'),
    (350, NULL, 9, 3, '2025-04-20 22:42:50'),
    (351, 8, 5, 1, '2025-02-10 18:40:14'),
    (352, 5, 5, 1, '2024-12-02 19:03:31'),
    (353, 10, 10, 3, '2024-08-02 20:12:20'),
    (354, NULL, 10, 3, '2025-03-19 23:29:06'),
    (355, NULL, 8, 2, '2025-01-12 20:09:38'),
    (356, NULL, 6, 1, '2024-12-10 15:49:37'),
    (357, 10, 6, 1, '2024-11-10 15:12:17'),
    (358, 10, 5, 1, '2024-08-28 12:37:34'),
    (359, 2, 5, 1, '2025-03-13 16:14:40'),
    (360, 7, 6, 1, '2025-01-19 11:51:56'),
    (361, 6, 6, 1, '2025-04-30 22:59:54'),
    (362, NULL, 8, 2, '2024-10-11 15:47:27'),
    (363, 6, 6, 1, '2025-02-04 02:57:13'),
    (364, 5, 10, 3, '2024-10-07 23:30:53'),
    (365, NULL, 10, 3, '2024-12-08 02:57:31'),
    (366, NULL, 5, 1, '2025-03-04 06:11:22'),
    (367, 5, 5, 1, '2024-10-29 20:16:56'),
    (368, 1, 8, 2, '2025-02-28 06:13:14'),
    (369, 7, 9, 3, '2025-04-27 22:24:24'),
    (370, NULL, 6, 1, '2025-02-20 08:21:29'),
    (371, 1, 6, 1, '2025-03-26 06:04:49'),
    (372, 8, 8, 2, '2025-04-13 17:38:18'),
    (373, 4, 8, 2, '2025-04-21 11:49:41'),
    (374, 3, 8, 2, '2025-01-27 20:17:30'),
    (375, 6, 6, 1, '2024-12-14 23:33:36'),
    (376, NULL, 10, 3, '2025-02-03 14:32:42'),
    (377, 3, 8, 2, '2025-04-28 12:57:30'),
    (378, NULL, 5, 1, '2024-12-08 02:10:10'),
    (379, NULL, 9, 3, '2024-11-23 00:02:53'),
    (380, 6, 10, 3, '2025-04-03 22:42:41'),
    (381, 3, 5, 1, '2024-11-30 12:37:51'),
    (382, 5, 8, 2, '2024-08-22 05:08:16'),
    (383, NULL, 8, 2, '2024-12-07 11:38:34'),
    (384, 10, 5, 1, '2024-12-05 23:14:45'),
    (385, NULL, 8, 2, '2025-02-13 11:39:41'),
    (386, NULL, 7, 2, '2024-08-15 00:19:29'),
    (387, NULL, 6, 1, '2025-02-18 13:44:24'),
    (388, NULL, 8, 2, '2024-11-03 01:00:10'),
    (389, NULL, 8, 2, '2025-03-23 16:33:56'),
    (390, NULL, 5, 1, '2024-11-14 03:18:03'),
    (391, 7, 5, 1, '2024-11-14 12:17:15'),
    (392, NULL, 6, 1, '2024-11-24 23:06:48'),
    (393, NULL, 6, 1, '2024-11-19 21:53:12'),
    (394, 3, 5, 1, '2024-10-24 23:26:43'),
    (395, 3, 7, 2, '2025-01-28 00:43:33'),
    (396, NULL, 6, 1, '2024-11-08 08:15:12'),
    (397, NULL, 10, 3, '2024-11-27 10:03:03'),
    (398, 7, 6, 1, '2024-12-01 11:59:19'),
    (399, 8, 8, 2, '2024-09-08 17:13:48'),
    (400, 3, 10, 3, '2024-12-03 17:17:29'),
    (401, NULL, 5, 1, '2024-11-13 20:06:29'),
    (402, 8, 10, 3, '2024-10-09 13:14:02'),
    (403, NULL, 8, 2, '2024-08-19 02:30:21'),
    (404, 7, 6, 1, '2024-11-16 23:40:39'),
    (405, NULL, 10, 3, '2025-03-15 16:28:51'),
    (406, 4, 8, 2, '2024-08-02 09:43:09'),
    (407, 10, 9, 3, '2025-01-10 22:18:11'),
    (408, NULL, 10, 3, '2025-03-17 20:31:02'),
    (409, 8, 8, 2, '2024-10-23 03:27:00'),
    (410, 6, 5, 1, '2024-08-14 22:25:06'),
    (411, 1, 9, 3, '2025-03-15 17:13:26'),
    (412, NULL, 7, 2, '2025-03-11 03:40:19'),
    (413, NULL, 7, 2, '2024-11-19 02:46:46'),
    (414, 7, 6, 1, '2024-08-08 13:38:06'),
    (415, NULL, 9, 3, '2024-10-20 11:12:26'),
    (416, 5, 8, 2, '2024-12-13 02:51:45'),
    (417, 9, 8, 2, '2024-11-29 00:20:59'),
    (418, 4, 6, 1, '2025-01-08 02:19:59'),
    (419, NULL, 8, 2, '2025-03-20 16:35:02'),
    (420, NULL, 7, 2, '2025-01-24 01:07:22'),
    (421, 3, 8, 2, '2025-02-24 05:36:37'),
    (422, NULL, 9, 3, '2024-10-12 02:33:37'),
    (423, 3, 8, 2, '2025-02-22 10:04:51'),
    (424, 4, 9, 3, '2024-12-15 04:55:49'),
    (425, NULL, 5, 1, '2025-03-28 16:58:14'),
    (426, 4, 5, 1, '2024-10-05 11:53:29'),
    (427, NULL, 9, 3, '2024-12-15 10:50:08'),
    (428, 7, 10, 3, '2025-03-05 15:54:00'),
    (429, 3, 7, 2, '2024-10-30 14:07:44'),
    (430, NULL, 5, 1, '2024-10-13 22:40:17'),
    (431, NULL, 10, 3, '2025-01-08 01:00:11'),
    (432, NULL, 7, 2, '2024-12-02 11:30:55'),
    (433, NULL, 5, 1, '2024-10-09 23:05:36'),
    (434, NULL, 10, 3, '2025-02-05 10:05:28'),
    (435, 7, 6, 1, '2025-04-09 06:42:37'),
    (436, 2, 10, 3, '2025-01-15 14:20:53'),
    (437, NULL, 6, 1, '2024-08-03 11:23:00'),
    (438, NULL, 5, 1, '2024-11-20 18:56:45'),
    (439, NULL, 7, 2, '2025-01-21 21:02:24'),
    (440, NULL, 5, 1, '2025-02-15 10:04:25'),
    (441, 1, 9, 3, '2024-08-19 21:27:04'),
    (442, 1, 8, 2, '2024-12-17 04:38:29'),
    (443, NULL, 10, 3, '2024-11-05 01:41:28'),
    (444, 3, 9, 3, '2024-08-17 16:46:23'),
    (445, NULL, 10, 3, '2024-08-21 12:27:17'),
    (446, NULL, 7, 2, '2024-12-17 08:03:09'),
    (447, 1, 8, 2, '2024-11-23 17:20:31'),
    (448, 4, 7, 2, '2025-02-06 01:54:11'),
    (449, NULL, 7, 2, '2025-04-30 21:50:38'),
    (450, 7, 5, 1, '2025-03-21 23:31:27'),
    (451, 6, 9, 3, '2025-04-16 13:38:03'),
    (452, NULL, 8, 2, '2024-10-24 05:13:11'),
    (453, NULL, 5, 1, '2024-09-18 13:03:11'),
    (454, 3, 8, 2, '2024-12-15 06:26:02'),
    (455, NULL, 6, 1, '2024-12-03 15:24:45'),
    (456, 7, 9, 3, '2024-11-21 03:00:42'),
    (457, 3, 8, 2, '2024-09-28 18:35:26'),
    (458, 3, 6, 1, '2024-09-03 07:32:01'),
    (459, NULL, 9, 3, '2024-09-01 02:41:56'),
    (460, 5, 10, 3, '2024-08-10 05:17:32'),
    (461, NULL, 9, 3, '2025-01-20 14:39:33'),
    (462, 5, 5, 1, '2025-01-08 21:03:57'),
    (463, 10, 5, 1, '2025-04-10 00:03:35'),
    (464, NULL, 8, 2, '2025-04-25 11:08:00'),
    (465, 3, 8, 2, '2024-09-15 16:13:51'),
    (466, 2, 7, 2, '2024-09-02 22:34:05'),
    (467, 1, 5, 1, '2024-08-30 18:12:58'),
    (468, 8, 10, 3, '2024-10-01 20:45:04'),
    (469, 4, 9, 3, '2024-10-22 06:10:14'),
    (470, NULL, 7, 2, '2024-12-17 20:25:14'),
    (471, 10, 7, 2, '2025-03-14 11:57:24'),
    (472, NULL, 10, 3, '2024-10-24 03:54:44'),
    (473, NULL, 8, 2, '2024-12-18 10:56:13'),
    (474, 10, 6, 1, '2025-02-14 15:59:35'),
    (475, NULL, 5, 1, '2025-03-20 23:07:23'),
    (476, NULL, 6, 1, '2024-09-12 11:55:00'),
    (477, 4, 8, 2, '2024-08-19 20:40:45'),
    (478, NULL, 7, 2, '2024-08-23 21:47:41'),
    (479, NULL, 7, 2, '2025-04-20 14:02:37'),
    (480, 1, 7, 2, '2025-02-07 10:34:00'),
    (481, NULL, 5, 1, '2024-12-30 09:37:06'),
    (482, 4, 10, 3, '2024-09-16 04:32:36'),
    (483, 8, 5, 1, '2025-03-19 02:18:14'),
    (484, 8, 7, 2, '2025-03-03 13:04:09'),
    (485, NULL, 7, 2, '2025-04-25 02:27:39'),
    (486, NULL, 9, 3, '2024-08-07 13:31:10'),
    (487, 9, 9, 3, '2024-12-30 06:56:08'),
    (488, NULL, 10, 3, '2024-11-30 00:35:39'),
    (489, 2, 9, 3, '2025-03-18 02:08:01'),
    (490, NULL, 7, 2, '2025-01-08 00:07:59'),
    (491, 2, 5, 1, '2024-09-23 18:32:37'),
    (492, NULL, 6, 1, '2024-08-25 14:05:53'),
    (493, 4, 6, 1, '2025-04-17 19:33:46'),
    (494, NULL, 10, 3, '2025-03-14 13:42:30'),
    (495, 1, 7, 2, '2025-01-02 13:05:17'),
    (496, 1, 6, 1, '2024-12-25 14:24:50'),
    (497, 2, 9, 3, '2025-01-18 13:33:53'),
    (498, 5, 6, 1, '2025-03-21 05:05:28'),
    (499, NULL, 7, 2, '2025-02-25 18:15:34'),
    (500, 6, 9, 3, '2024-12-30 18:48:19'),
    (501, NULL, 9, 3, '2024-11-04 00:59:33'),
    (502, NULL, 6, 1, '2025-02-23 02:04:07'),
    (503, 10, 6, 1, '2025-03-18 15:13:17'),
    (504, 5, 8, 2, '2025-01-30 23:29:56'),
    (505, NULL, 9, 3, '2024-08-09 06:50:54'),
    (506, 4, 5, 1, '2024-11-04 21:34:45'),
    (507, 8, 5, 1, '2025-02-10 19:53:33'),
    (508, NULL, 10, 3, '2024-08-09 14:42:23'),
    (509, 9, 5, 1, '2025-01-29 08:52:50'),
    (510, NULL, 5, 1, '2024-10-13 15:02:02'),
    (511, NULL, 6, 1, '2024-10-14 04:34:58'),
    (512, 2, 5, 1, '2024-08-10 11:20:19'),
    (513, 6, 9, 3, '2024-10-03 13:14:34'),
    (514, NULL, 10, 3, '2024-08-06 15:49:46'),
    (515, NULL, 6, 1, '2024-08-29 12:21:36'),
    (516, NULL, 10, 3, '2024-09-23 16:47:19'),
    (517, 10, 7, 2, '2025-04-27 11:51:08'),
    (518, 5, 5, 1, '2024-12-02 00:06:43'),
    (519, NULL, 6, 1, '2025-04-24 10:21:03'),
    (520, NULL, 5, 1, '2024-08-27 17:56:21'),
    (521, NULL, 7, 2, '2024-09-14 17:30:30'),
    (522, 7, 8, 2, '2025-01-28 15:52:16'),
    (523, NULL, 6, 1, '2025-04-06 07:15:45'),
    (524, NULL, 6, 1, '2025-01-30 08:19:21'),
    (525, 4, 8, 2, '2025-02-26 04:04:33'),
    (526, 10, 5, 1, '2025-01-27 18:15:35'),
    (527, 1, 8, 2, '2024-11-06 09:03:46'),
    (528, NULL, 7, 2, '2024-09-11 11:41:15'),
    (529, 8, 9, 3, '2025-01-22 07:42:50'),
    (530, NULL, 9, 3, '2025-04-08 12:40:14'),
    (531, 8, 8, 2, '2024-12-30 18:05:19'),
    (532, 10, 10, 3, '2025-01-23 08:54:16'),
    (533, NULL, 8, 2, '2024-10-28 02:31:52'),
    (534, NULL, 5, 1, '2024-09-02 04:37:37'),
    (535, NULL, 5, 1, '2025-04-24 07:49:42'),
    (536, 10, 10, 3, '2024-12-06 15:10:48'),
    (537, NULL, 5, 1, '2024-12-17 05:07:36'),
    (538, NULL, 9, 3, '2025-03-26 07:52:32'),
    (539, NULL, 9, 3, '2025-03-07 02:34:23'),
    (540, NULL, 10, 3, '2025-03-08 03:22:39'),
    (541, 6, 6, 1, '2024-10-11 19:32:46'),
    (542, 5, 5, 1, '2024-11-24 07:09:11'),
    (543, NULL, 10, 3, '2024-08-11 06:45:55'),
    (544, 3, 10, 3, '2024-11-23 15:39:58'),
    (545, 8, 7, 2, '2024-08-13 07:16:02'),
    (546, NULL, 7, 2, '2025-04-02 04:45:19'),
    (547, NULL, 8, 2, '2025-01-25 12:06:32'),
    (548, NULL, 6, 1, '2025-03-22 08:44:50'),
    (549, 8, 10, 3, '2025-04-29 15:53:38'),
    (550, 4, 9, 3, '2024-09-10 13:34:42'),
    (551, 5, 10, 3, '2024-08-14 10:06:16'),
    (552, 6, 6, 1, '2024-10-21 09:06:27'),
    (553, NULL, 6, 1, '2024-12-17 14:12:44'),
    (554, NULL, 9, 3, '2024-12-10 08:29:00'),
    (555, NULL, 6, 1, '2025-04-08 16:04:50'),
    (556, NULL, 10, 3, '2025-01-28 14:17:42'),
    (557, NULL, 9, 3, '2024-11-13 09:24:43'),
    (558, 6, 10, 3, '2024-09-29 18:02:02'),
    (559, NULL, 5, 1, '2024-10-01 08:41:43'),
    (560, 5, 7, 2, '2025-01-22 09:34:35'),
    (561, NULL, 6, 1, '2025-03-10 04:21:12'),
    (562, 8, 10, 3, '2024-09-29 10:11:41'),
    (563, NULL, 10, 3, '2024-12-09 10:41:16'),
    (564, 6, 7, 2, '2025-02-19 15:39:11'),
    (565, NULL, 10, 3, '2024-11-15 12:15:35'),
    (566, 7, 10, 3, '2024-10-04 11:37:43'),
    (567, NULL, 8, 2, '2024-08-15 09:15:35'),
    (568, 9, 10, 3, '2025-04-11 18:01:34'),
    (569, NULL, 7, 2, '2024-10-29 23:57:27'),
    (570, NULL, 7, 2, '2024-10-10 02:00:19'),
    (571, NULL, 9, 3, '2024-12-18 23:39:08'),
    (572, 10, 9, 3, '2025-01-06 09:48:14'),
    (573, NULL, 10, 3, '2025-03-03 12:25:00'),
    (574, 5, 8, 2, '2024-12-26 23:10:04'),
    (575, 4, 6, 1, '2025-01-19 11:29:13'),
    (576, 5, 10, 3, '2024-10-06 05:36:09'),
    (577, 1, 9, 3, '2024-12-03 17:04:19'),
    (578, 2, 6, 1, '2025-03-05 23:47:07'),
    (579, NULL, 8, 2, '2024-10-22 10:03:48'),
    (580, 1, 9, 3, '2025-03-24 21:07:58'),
    (581, NULL, 9, 3, '2024-09-20 09:26:53'),
    (582, NULL, 6, 1, '2024-11-07 07:23:03'),
    (583, NULL, 5, 1, '2024-12-10 18:14:25'),
    (584, 4, 7, 2, '2024-09-22 12:05:38'),
    (585, NULL, 10, 3, '2024-08-12 00:51:25'),
    (586, NULL, 6, 1, '2024-12-04 14:59:33'),
    (587, NULL, 7, 2, '2025-03-25 02:04:47'),
    (588, NULL, 5, 1, '2024-11-24 14:01:52'),
    (589, 5, 8, 2, '2024-12-09 06:25:49'),
    (590, 2, 9, 3, '2024-08-06 19:29:23'),
    (591, NULL, 8, 2, '2024-08-30 22:20:38'),
    (592, NULL, 8, 2, '2024-12-30 15:41:58'),
    (593, 3, 6, 1, '2025-01-07 14:44:00'),
    (594, 5, 5, 1, '2024-08-13 01:00:21'),
    (595, NULL, 9, 3, '2025-01-27 18:34:29'),
    (596, 7, 7, 2, '2024-08-24 11:41:27'),
    (597, 2, 8, 2, '2025-04-03 11:26:14'),
    (598, 3, 6, 1, '2024-08-31 09:29:37'),
    (599, 1, 6, 1, '2024-11-13 22:33:01'),
    (600, NULL, 8, 2, '2025-02-05 01:32:05');
SET IDENTITY_INSERT Orders OFF;



-- Populating OrderDetails
SET IDENTITY_INSERT OrderDetails ON;
INSERT INTO OrderDetails (order_detail_id, order_id, product_id, quantity)
VALUES
    (1, 1, 6, 2),
    (2, 1, 10, 3),
    (3, 1, 11, 2),
    (4, 1, 3, 2),
    (5, 1, 17, 2),
    (6, 1, 18, 1),
    (7, 2, 2, 2),
    (8, 2, 4, 3),
    (9, 3, 1, 2),
    (10, 3, 7, 1),
    (11, 3, 16, 3),
    (12, 3, 2, 2),
    (13, 3, 12, 1),
    (14, 3, 20, 2),
    (15, 3, 18, 1),
    (16, 4, 7, 3),
    (17, 4, 8, 2),
    (18, 4, 3, 3),
    (19, 4, 9, 3),
    (20, 4, 1, 1),
    (21, 4, 16, 2),
    (22, 4, 20, 2),
    (23, 4, 17, 3),
    (24, 5, 7, 3),
    (25, 5, 11, 1),
    (26, 5, 6, 3),
    (27, 5, 10, 2),
    (28, 5, 16, 1),
    (29, 6, 2, 1),
    (30, 6, 6, 2),
    (31, 6, 7, 1),
    (32, 6, 11, 1),
    (33, 6, 4, 3),
    (34, 7, 10, 1),
    (35, 7, 12, 2),
    (36, 7, 4, 2),
    (37, 7, 5, 3),
    (38, 7, 7, 3),
    (39, 7, 9, 1),
    (40, 7, 6, 2),
    (41, 7, 8, 2),
    (42, 7, 3, 3),
    (43, 8, 8, 2),
    (44, 8, 18, 1),
    (45, 8, 10, 3),
    (46, 8, 7, 1),
    (47, 8, 9, 1),
    (48, 8, 6, 1),
    (49, 8, 16, 2),
    (50, 8, 17, 2),
    (51, 8, 15, 2),
    (52, 8, 20, 1),
    (53, 8, 1, 1),
    (54, 8, 14, 3),
    (55, 8, 12, 1),
    (56, 8, 19, 2),
    (57, 9, 18, 2),
    (58, 9, 6, 2),
    (59, 9, 1, 3),
    (60, 9, 15, 3),
    (61, 9, 10, 2),
    (62, 9, 4, 1),
    (63, 9, 7, 1),
    (64, 9, 12, 2),
    (65, 9, 13, 1),
    (66, 9, 2, 1),
    (67, 9, 11, 1),
    (68, 10, 17, 2),
    (69, 10, 9, 3),
    (70, 11, 2, 2),
    (71, 11, 19, 1),
    (72, 11, 17, 2),
    (73, 11, 18, 3),
    (74, 11, 14, 3),
    (75, 11, 12, 3),
    (76, 11, 3, 3),
    (77, 11, 9, 1),
    (78, 11, 1, 2),
    (79, 11, 5, 3),
    (80, 12, 15, 1),
    (81, 12, 12, 2),
    (82, 12, 4, 2),
    (83, 12, 19, 2),
    (84, 13, 16, 3),
    (85, 13, 20, 3),
    (86, 13, 11, 3),
    (87, 13, 2, 3),
    (88, 13, 13, 3),
    (89, 13, 14, 3),
    (90, 13, 6, 2),
    (91, 13, 12, 3),
    (92, 13, 15, 2),
    (93, 13, 5, 1),
    (94, 13, 17, 3),
    (95, 13, 3, 2),
    (96, 13, 9, 2),
    (97, 14, 3, 2),
    (98, 15, 10, 1),
    (99, 16, 1, 3),
    (100, 16, 6, 2),
    (101, 16, 3, 2),
    (102, 16, 4, 1),
    (103, 16, 7, 3),
    (104, 16, 15, 1),
    (105, 16, 8, 1),
    (106, 16, 17, 2),
    (107, 16, 13, 1),
    (108, 16, 12, 3),
    (109, 16, 18, 1),
    (110, 17, 17, 3),
    (111, 17, 6, 2),
    (112, 17, 16, 3),
    (113, 17, 7, 2),
    (114, 17, 10, 3),
    (115, 17, 5, 3),
    (116, 17, 20, 3),
    (117, 17, 15, 3),
    (118, 17, 3, 2),
    (119, 18, 14, 3),
    (120, 19, 5, 3),
    (121, 19, 13, 1),
    (122, 19, 20, 2),
    (123, 19, 8, 3),
    (124, 19, 1, 2),
    (125, 19, 19, 2),
    (126, 20, 14, 1),
    (127, 20, 2, 1),
    (128, 20, 17, 2),
    (129, 20, 11, 3),
    (130, 20, 15, 3),
    (131, 20, 5, 3),
    (132, 20, 13, 2),
    (133, 20, 20, 2),
    (134, 20, 4, 1),
    (135, 20, 3, 1),
    (136, 20, 12, 1),
    (137, 20, 6, 2),
    (138, 20, 19, 1),
    (139, 20, 8, 3),
    (140, 20, 16, 1),
    (141, 21, 6, 2),
    (142, 21, 18, 1),
    (143, 21, 15, 2),
    (144, 21, 19, 2),
    (145, 21, 12, 1),
    (146, 21, 13, 3),
    (147, 21, 20, 2),
    (148, 21, 4, 2),
    (149, 21, 5, 1),
    (150, 21, 3, 3),
    (151, 21, 11, 1),
    (152, 21, 14, 3),
    (153, 22, 15, 2),
    (154, 22, 11, 3),
    (155, 22, 10, 2),
    (156, 22, 16, 3),
    (157, 22, 5, 3),
    (158, 23, 20, 2),
    (159, 23, 3, 1),
    (160, 23, 18, 1),
    (161, 23, 13, 1),
    (162, 23, 14, 1),
    (163, 23, 2, 2),
    (164, 23, 9, 2),
    (165, 23, 12, 1),
    (166, 23, 15, 3),
    (167, 23, 17, 3),
    (168, 23, 7, 2),
    (169, 23, 6, 2),
    (170, 24, 19, 3),
    (171, 24, 17, 1),
    (172, 24, 1, 3),
    (173, 24, 3, 1),
    (174, 24, 14, 2),
    (175, 25, 19, 1),
    (176, 25, 2, 1),
    (177, 25, 12, 1),
    (178, 25, 3, 2),
    (179, 26, 14, 2),
    (180, 26, 7, 3),
    (181, 26, 18, 1),
    (182, 26, 13, 1),
    (183, 26, 5, 3),
    (184, 26, 10, 2),
    (185, 26, 9, 2),
    (186, 26, 17, 3),
    (187, 27, 7, 3),
    (188, 27, 16, 3),
    (189, 27, 5, 1),
    (190, 27, 19, 2),
    (191, 27, 3, 3),
    (192, 27, 11, 1),
    (193, 27, 17, 1),
    (194, 27, 18, 3),
    (195, 27, 4, 1),
    (196, 28, 10, 3),
    (197, 28, 12, 3),
    (198, 28, 3, 2),
    (199, 28, 20, 2),
    (200, 29, 15, 3),
    (201, 29, 6, 2),
    (202, 30, 1, 2),
    (203, 30, 17, 1),
    (204, 30, 15, 1),
    (205, 30, 9, 3),
    (206, 31, 4, 2),
    (207, 31, 20, 1),
    (208, 31, 5, 1),
    (209, 31, 12, 2),
    (210, 31, 15, 1),
    (211, 31, 1, 1),
    (212, 31, 14, 2),
    (213, 31, 2, 3),
    (214, 31, 17, 2),
    (215, 31, 6, 3),
    (216, 31, 13, 3),
    (217, 31, 16, 2),
    (218, 31, 18, 1),
    (219, 31, 7, 2),
    (220, 32, 20, 1),
    (221, 32, 3, 1),
    (222, 32, 14, 1),
    (223, 32, 5, 3),
    (224, 32, 8, 1),
    (225, 32, 13, 3),
    (226, 32, 6, 2),
    (227, 32, 17, 3),
    (228, 32, 15, 3),
    (229, 32, 11, 3),
    (230, 32, 10, 3),
    (231, 32, 7, 1),
    (232, 32, 1, 3),
    (233, 32, 4, 2),
    (234, 32, 18, 2),
    (235, 33, 20, 2),
    (236, 34, 7, 3),
    (237, 34, 3, 2),
    (238, 34, 4, 1),
    (239, 34, 18, 3),
    (240, 34, 2, 2),
    (241, 34, 10, 1),
    (242, 34, 12, 1),
    (243, 34, 13, 3),
    (244, 34, 8, 1),
    (245, 34, 11, 3),
    (246, 34, 15, 2),
    (247, 34, 5, 2),
    (248, 34, 14, 1),
    (249, 35, 5, 2),
    (250, 35, 11, 3),
    (251, 35, 2, 3),
    (252, 35, 13, 3),
    (253, 35, 20, 2),
    (254, 35, 10, 2),
    (255, 35, 14, 3),
    (256, 35, 15, 2),
    (257, 35, 6, 3),
    (258, 35, 4, 1),
    (259, 35, 17, 1),
    (260, 35, 19, 1),
    (261, 35, 1, 2),
    (262, 36, 6, 3),
    (263, 36, 3, 3),
    (264, 36, 8, 2),
    (265, 37, 19, 3),
    (266, 38, 14, 3),
    (267, 38, 20, 1),
    (268, 38, 15, 2),
    (269, 38, 13, 3),
    (270, 38, 11, 1),
    (271, 39, 13, 3),
    (272, 39, 7, 1),
    (273, 39, 3, 3),
    (274, 39, 12, 2),
    (275, 39, 20, 3),
    (276, 39, 15, 3),
    (277, 39, 19, 2),
    (278, 39, 18, 1),
    (279, 39, 16, 1),
    (280, 39, 4, 1),
    (281, 40, 17, 2),
    (282, 41, 15, 3),
    (283, 41, 18, 2),
    (284, 41, 17, 2),
    (285, 41, 20, 2),
    (286, 41, 7, 3),
    (287, 41, 11, 1),
    (288, 41, 10, 1),
    (289, 41, 9, 3),
    (290, 41, 16, 1),
    (291, 41, 8, 3),
    (292, 41, 4, 1),
    (293, 41, 5, 3),
    (294, 41, 1, 3),
    (295, 42, 20, 3),
    (296, 42, 12, 1),
    (297, 42, 13, 2),
    (298, 42, 18, 3),
    (299, 43, 16, 3),
    (300, 43, 13, 3),
    (301, 43, 17, 1),
    (302, 43, 18, 3),
    (303, 43, 8, 1),
    (304, 44, 4, 2),
    (305, 44, 19, 3),
    (306, 44, 16, 1),
    (307, 44, 15, 3),
    (308, 45, 3, 2),
    (309, 45, 13, 2),
    (310, 45, 11, 2),
    (311, 45, 17, 1),
    (312, 45, 6, 1),
    (313, 45, 20, 1),
    (314, 45, 5, 2),
    (315, 45, 4, 2),
    (316, 45, 9, 3),
    (317, 45, 18, 3),
    (318, 45, 2, 3),
    (319, 45, 15, 2),
    (320, 45, 10, 2),
    (321, 45, 19, 2),
    (322, 45, 14, 1),
    (323, 46, 4, 2),
    (324, 46, 19, 2),
    (325, 46, 20, 2),
    (326, 47, 12, 1),
    (327, 47, 17, 2),
    (328, 47, 13, 2),
    (329, 47, 5, 1),
    (330, 47, 14, 3),
    (331, 47, 10, 3),
    (332, 48, 11, 3),
    (333, 48, 19, 3),
    (334, 48, 2, 3),
    (335, 48, 9, 2),
    (336, 48, 5, 2),
    (337, 48, 16, 1),
    (338, 48, 6, 3),
    (339, 48, 14, 3),
    (340, 48, 20, 2),
    (341, 48, 3, 1),
    (342, 48, 15, 3),
    (343, 49, 14, 1),
    (344, 49, 1, 1),
    (345, 49, 9, 2),
    (346, 49, 18, 3),
    (347, 49, 19, 1),
    (348, 49, 17, 1),
    (349, 49, 2, 3),
    (350, 49, 7, 1),
    (351, 49, 4, 2),
    (352, 49, 16, 1),
    (353, 49, 20, 1),
    (354, 49, 3, 2),
    (355, 50, 13, 1),
    (356, 50, 15, 2),
    (357, 50, 6, 2),
    (358, 50, 19, 3),
    (359, 51, 14, 2),
    (360, 51, 7, 2),
    (361, 51, 15, 1),
    (362, 51, 19, 2),
    (363, 51, 12, 1),
    (364, 51, 3, 3),
    (365, 51, 8, 3),
    (366, 51, 16, 3),
    (367, 51, 2, 3),
    (368, 51, 13, 2),
    (369, 52, 1, 2),
    (370, 52, 13, 1),
    (371, 52, 2, 1),
    (372, 52, 10, 1),
    (373, 53, 19, 3),
    (374, 53, 14, 2),
    (375, 53, 6, 1),
    (376, 53, 5, 2),
    (377, 53, 18, 1),
    (378, 53, 8, 2),
    (379, 53, 7, 1),
    (380, 53, 11, 1),
    (381, 53, 3, 3),
    (382, 54, 9, 1),
    (383, 54, 8, 3),
    (384, 54, 12, 1),
    (385, 54, 13, 2),
    (386, 54, 19, 3),
    (387, 54, 14, 2),
    (388, 54, 6, 1),
    (389, 54, 11, 2),
    (390, 54, 2, 3),
    (391, 54, 3, 3),
    (392, 54, 16, 2),
    (393, 54, 1, 2),
    (394, 54, 10, 2),
    (395, 54, 5, 1),
    (396, 54, 4, 3),
    (397, 55, 6, 3),
    (398, 55, 3, 3),
    (399, 55, 18, 2),
    (400, 55, 4, 1),
    (401, 55, 11, 3),
    (402, 55, 19, 3),
    (403, 55, 7, 1),
    (404, 55, 17, 3),
    (405, 55, 16, 2),
    (406, 55, 13, 1),
    (407, 55, 1, 2),
    (408, 55, 20, 3),
    (409, 55, 5, 2),
    (410, 56, 16, 1),
    (411, 57, 14, 1),
    (412, 57, 6, 1),
    (413, 57, 1, 2),
    (414, 57, 5, 3),
    (415, 57, 12, 1),
    (416, 57, 15, 2),
    (417, 57, 3, 1),
    (418, 57, 7, 1),
    (419, 57, 11, 3),
    (420, 57, 17, 1),
    (421, 57, 2, 3),
    (422, 57, 10, 3),
    (423, 58, 2, 1),
    (424, 58, 8, 2),
    (425, 58, 18, 2),
    (426, 58, 1, 1),
    (427, 58, 3, 3),
    (428, 58, 20, 2),
    (429, 58, 5, 3),
    (430, 58, 19, 1),
    (431, 58, 9, 2),
    (432, 58, 11, 1),
    (433, 58, 6, 1),
    (434, 58, 17, 2),
    (435, 58, 4, 3),
    (436, 58, 13, 1),
    (437, 58, 10, 2),
    (438, 59, 7, 3),
    (439, 59, 19, 2),
    (440, 59, 17, 3),
    (441, 59, 14, 1),
    (442, 59, 5, 2),
    (443, 59, 2, 3),
    (444, 59, 4, 2),
    (445, 59, 6, 1),
    (446, 59, 16, 3),
    (447, 59, 15, 3),
    (448, 59, 13, 1),
    (449, 59, 20, 3),
    (450, 59, 8, 1),
    (451, 59, 1, 3),
    (452, 59, 12, 2),
    (453, 60, 10, 2),
    (454, 60, 20, 1),
    (455, 60, 18, 2),
    (456, 60, 9, 3),
    (457, 60, 1, 2),
    (458, 60, 12, 2),
    (459, 60, 14, 3),
    (460, 60, 8, 3),
    (461, 60, 3, 2),
    (462, 60, 19, 3),
    (463, 60, 7, 1),
    (464, 60, 13, 2),
    (465, 61, 8, 1),
    (466, 61, 13, 2),
    (467, 61, 7, 2),
    (468, 61, 10, 1),
    (469, 61, 16, 1),
    (470, 61, 6, 1),
    (471, 61, 19, 1),
    (472, 62, 5, 3),
    (473, 62, 2, 2),
    (474, 62, 18, 1),
    (475, 62, 9, 2),
    (476, 62, 3, 2),
    (477, 62, 16, 1),
    (478, 62, 19, 2),
    (479, 62, 13, 1),
    (480, 63, 13, 1),
    (481, 63, 8, 3),
    (482, 63, 12, 3),
    (483, 63, 6, 3),
    (484, 63, 4, 1),
    (485, 63, 17, 3),
    (486, 64, 11, 1),
    (487, 64, 3, 3),
    (488, 64, 8, 3),
    (489, 64, 2, 2),
    (490, 64, 4, 2),
    (491, 64, 7, 2),
    (492, 64, 10, 3),
    (493, 64, 17, 1),
    (494, 64, 5, 2),
    (495, 64, 20, 2),
    (496, 64, 14, 2),
    (497, 64, 15, 1),
    (498, 64, 6, 2),
    (499, 64, 1, 3),
    (500, 64, 19, 1),
    (501, 65, 11, 2),
    (502, 65, 4, 2),
    (503, 65, 17, 3),
    (504, 65, 5, 3),
    (505, 65, 14, 2),
    (506, 65, 19, 2),
    (507, 65, 10, 2),
    (508, 65, 6, 2),
    (509, 65, 16, 3),
    (510, 65, 7, 3),
    (511, 65, 8, 1),
    (512, 66, 9, 1),
    (513, 66, 1, 3),
    (514, 66, 6, 3),
    (515, 66, 8, 2),
    (516, 66, 17, 3),
    (517, 66, 14, 1),
    (518, 66, 12, 3),
    (519, 67, 14, 2),
    (520, 67, 6, 2),
    (521, 68, 16, 2),
    (522, 68, 17, 1),
    (523, 68, 12, 1),
    (524, 68, 4, 3),
    (525, 68, 6, 1),
    (526, 68, 14, 2),
    (527, 68, 13, 3),
    (528, 68, 19, 3),
    (529, 68, 5, 3),
    (530, 68, 15, 1),
    (531, 68, 7, 1),
    (532, 68, 10, 3),
    (533, 68, 18, 1),
    (534, 69, 9, 1),
    (535, 69, 19, 2),
    (536, 69, 12, 1),
    (537, 69, 20, 1),
    (538, 69, 4, 2),
    (539, 69, 8, 3),
    (540, 69, 6, 1),
    (541, 69, 2, 1),
    (542, 69, 5, 2),
    (543, 69, 3, 2),
    (544, 70, 10, 1),
    (545, 70, 5, 2),
    (546, 70, 4, 1),
    (547, 70, 2, 2),
    (548, 70, 9, 3),
    (549, 70, 15, 2),
    (550, 70, 18, 1),
    (551, 70, 8, 3),
    (552, 71, 15, 1),
    (553, 71, 13, 2),
    (554, 72, 1, 3),
    (555, 72, 18, 3),
    (556, 72, 16, 3),
    (557, 72, 10, 3),
    (558, 72, 2, 3),
    (559, 72, 17, 2),
    (560, 72, 6, 2),
    (561, 72, 14, 1),
    (562, 72, 15, 3),
    (563, 72, 13, 1),
    (564, 72, 12, 3),
    (565, 72, 4, 3),
    (566, 72, 3, 3),
    (567, 72, 9, 2),
    (568, 73, 8, 1),
    (569, 73, 10, 1),
    (570, 73, 14, 1),
    (571, 73, 5, 2),
    (572, 73, 16, 1),
    (573, 73, 15, 2),
    (574, 73, 9, 3),
    (575, 73, 4, 1),
    (576, 73, 20, 3),
    (577, 73, 7, 2),
    (578, 73, 6, 2),
    (579, 73, 2, 3),
    (580, 73, 13, 2),
    (581, 73, 18, 2),
    (582, 74, 18, 1),
    (583, 74, 8, 1),
    (584, 74, 4, 3),
    (585, 74, 16, 1),
    (586, 74, 2, 1),
    (587, 75, 17, 3),
    (588, 75, 14, 3),
    (589, 75, 10, 3),
    (590, 75, 11, 1),
    (591, 75, 18, 1),
    (592, 75, 1, 3),
    (593, 76, 10, 2),
    (594, 76, 15, 1),
    (595, 76, 16, 1),
    (596, 76, 2, 1),
    (597, 77, 8, 3),
    (598, 77, 5, 3),
    (599, 77, 16, 2),
    (600, 77, 20, 2),
    (601, 77, 2, 1),
    (602, 78, 10, 3),
    (603, 78, 4, 3),
    (604, 78, 16, 1),
    (605, 78, 18, 1),
    (606, 78, 17, 3),
    (607, 78, 20, 1),
    (608, 78, 1, 2),
    (609, 78, 12, 3),
    (610, 78, 7, 3),
    (611, 79, 3, 2),
    (612, 79, 13, 3),
    (613, 79, 16, 3),
    (614, 79, 8, 2),
    (615, 79, 11, 1),
    (616, 79, 17, 1),
    (617, 79, 10, 3),
    (618, 79, 20, 3),
    (619, 79, 4, 3),
    (620, 79, 7, 2),
    (621, 80, 2, 1),
    (622, 80, 10, 3),
    (623, 80, 3, 2),
    (624, 80, 5, 3),
    (625, 80, 17, 3),
    (626, 80, 7, 3),
    (627, 80, 18, 2),
    (628, 80, 4, 1),
    (629, 80, 20, 2),
    (630, 80, 9, 1),
    (631, 80, 6, 3),
    (632, 80, 8, 1),
    (633, 80, 16, 3),
    (634, 81, 3, 1),
    (635, 81, 2, 3),
    (636, 81, 8, 2),
    (637, 82, 19, 3),
    (638, 83, 3, 2),
    (639, 84, 6, 2),
    (640, 84, 10, 2),
    (641, 84, 9, 2),
    (642, 84, 12, 3),
    (643, 84, 11, 3),
    (644, 84, 18, 2),
    (645, 84, 19, 1),
    (646, 84, 8, 3),
    (647, 84, 16, 1),
    (648, 84, 1, 1),
    (649, 84, 7, 1),
    (650, 84, 17, 3),
    (651, 84, 15, 3),
    (652, 84, 2, 3),
    (653, 84, 5, 1),
    (654, 85, 20, 3),
    (655, 85, 17, 1),
    (656, 85, 10, 3),
    (657, 85, 1, 3),
    (658, 85, 12, 2),
    (659, 85, 15, 2),
    (660, 85, 5, 2),
    (661, 85, 16, 2),
    (662, 86, 15, 1),
    (663, 86, 7, 3),
    (664, 86, 16, 1),
    (665, 86, 3, 1),
    (666, 86, 19, 2),
    (667, 86, 13, 3),
    (668, 86, 4, 3),
    (669, 86, 17, 2),
    (670, 87, 12, 3),
    (671, 87, 18, 2),
    (672, 87, 2, 1),
    (673, 87, 5, 2),
    (674, 87, 9, 2),
    (675, 87, 4, 3),
    (676, 87, 19, 1),
    (677, 87, 3, 1),
    (678, 87, 10, 3),
    (679, 88, 20, 2),
    (680, 88, 14, 3),
    (681, 88, 7, 3),
    (682, 88, 1, 1),
    (683, 88, 11, 3),
    (684, 89, 3, 2),
    (685, 89, 13, 3),
    (686, 89, 2, 3),
    (687, 89, 16, 3),
    (688, 89, 8, 1),
    (689, 89, 6, 2),
    (690, 89, 17, 3),
    (691, 89, 18, 1),
    (692, 89, 15, 2),
    (693, 90, 11, 2),
    (694, 90, 20, 2),
    (695, 90, 5, 2),
    (696, 90, 18, 1),
    (697, 90, 4, 3),
    (698, 90, 6, 3),
    (699, 90, 17, 1),
    (700, 90, 16, 2),
    (701, 90, 19, 2),
    (702, 90, 12, 2),
    (703, 90, 10, 1),
    (704, 90, 13, 3),
    (705, 90, 8, 2),
    (706, 90, 3, 2),
    (707, 90, 2, 3),
    (708, 91, 14, 3),
    (709, 91, 1, 1),
    (710, 91, 11, 1),
    (711, 91, 10, 2),
    (712, 91, 20, 1),
    (713, 91, 16, 3),
    (714, 91, 8, 2),
    (715, 91, 7, 2),
    (716, 91, 6, 3),
    (717, 91, 18, 1),
    (718, 91, 3, 3),
    (719, 92, 4, 2),
    (720, 92, 6, 1),
    (721, 92, 17, 2),
    (722, 92, 13, 3),
    (723, 92, 18, 1),
    (724, 92, 10, 2),
    (725, 92, 5, 1),
    (726, 92, 2, 2),
    (727, 93, 7, 1),
    (728, 93, 18, 2),
    (729, 94, 17, 2),
    (730, 94, 1, 2),
    (731, 94, 14, 3),
    (732, 94, 10, 1),
    (733, 94, 8, 1),
    (734, 95, 12, 3),
    (735, 95, 9, 3),
    (736, 96, 20, 1),
    (737, 96, 11, 2),
    (738, 96, 16, 3),
    (739, 96, 5, 2),
    (740, 96, 7, 1),
    (741, 96, 14, 2),
    (742, 96, 13, 3),
    (743, 96, 17, 1),
    (744, 96, 3, 3),
    (745, 96, 4, 3),
    (746, 97, 18, 3),
    (747, 97, 12, 2),
    (748, 97, 9, 3),
    (749, 98, 14, 1),
    (750, 98, 10, 1),
    (751, 98, 19, 1),
    (752, 98, 16, 3),
    (753, 98, 3, 3),
    (754, 98, 15, 3),
    (755, 98, 2, 2),
    (756, 98, 17, 3),
    (757, 98, 4, 1),
    (758, 98, 13, 3),
    (759, 98, 1, 3),
    (760, 99, 20, 1),
    (761, 99, 9, 1),
    (762, 99, 15, 2),
    (763, 99, 7, 2),
    (764, 99, 2, 3),
    (765, 99, 12, 1),
    (766, 99, 11, 2),
    (767, 99, 8, 1),
    (768, 99, 3, 3),
    (769, 99, 13, 1),
    (770, 99, 1, 2),
    (771, 100, 6, 1),
    (772, 100, 14, 3),
    (773, 100, 10, 1),
    (774, 100, 15, 1),
    (775, 100, 2, 2),
    (776, 100, 12, 2),
    (777, 100, 3, 1),
    (778, 100, 7, 1),
    (779, 100, 11, 2),
    (780, 100, 8, 3),
    (781, 100, 16, 2),
    (782, 100, 19, 3),
    (783, 100, 9, 2),
    (784, 100, 4, 3),
    (785, 101, 8, 2),
    (786, 101, 12, 1),
    (787, 101, 15, 2),
    (788, 101, 3, 2),
    (789, 101, 6, 1),
    (790, 101, 10, 1),
    (791, 101, 16, 3),
    (792, 101, 4, 1),
    (793, 101, 17, 3),
    (794, 101, 20, 2),
    (795, 101, 13, 2),
    (796, 101, 2, 1),
    (797, 101, 19, 1),
    (798, 102, 11, 1),
    (799, 102, 1, 2),
    (800, 102, 4, 1),
    (801, 102, 17, 3),
    (802, 102, 8, 1),
    (803, 102, 20, 1),
    (804, 102, 18, 2),
    (805, 102, 10, 1),
    (806, 102, 15, 3),
    (807, 102, 3, 2),
    (808, 102, 6, 1),
    (809, 103, 18, 3),
    (810, 103, 4, 2),
    (811, 103, 20, 3),
    (812, 103, 12, 3),
    (813, 103, 11, 2),
    (814, 103, 2, 1),
    (815, 103, 17, 3),
    (816, 103, 14, 2),
    (817, 103, 9, 2),
    (818, 103, 13, 3),
    (819, 104, 1, 2),
    (820, 104, 3, 3),
    (821, 104, 4, 3),
    (822, 104, 8, 2),
    (823, 104, 10, 1),
    (824, 104, 2, 3),
    (825, 104, 5, 2),
    (826, 105, 19, 1),
    (827, 105, 2, 3),
    (828, 106, 6, 3),
    (829, 106, 20, 2),
    (830, 106, 13, 1),
    (831, 106, 2, 1),
    (832, 106, 12, 1),
    (833, 106, 18, 1),
    (834, 106, 7, 2),
    (835, 106, 8, 2),
    (836, 106, 3, 3),
    (837, 106, 9, 2),
    (838, 106, 10, 2),
    (839, 106, 14, 1),
    (840, 106, 16, 2),
    (841, 106, 11, 3),
    (842, 106, 5, 1),
    (843, 107, 17, 2),
    (844, 107, 13, 2),
    (845, 107, 18, 2),
    (846, 108, 15, 3),
    (847, 108, 1, 3),
    (848, 108, 14, 3),
    (849, 108, 2, 3),
    (850, 108, 18, 3),
    (851, 108, 8, 1),
    (852, 108, 13, 1),
    (853, 108, 3, 1),
    (854, 108, 19, 3),
    (855, 108, 11, 1),
    (856, 108, 6, 2),
    (857, 108, 4, 3),
    (858, 108, 17, 3),
    (859, 108, 10, 1),
    (860, 109, 13, 2),
    (861, 110, 9, 2),
    (862, 110, 8, 1),
    (863, 110, 3, 2),
    (864, 110, 14, 3),
    (865, 110, 17, 3),
    (866, 110, 18, 2),
    (867, 110, 11, 3),
    (868, 110, 15, 2),
    (869, 110, 10, 1),
    (870, 110, 2, 1),
    (871, 111, 2, 1),
    (872, 111, 10, 3),
    (873, 111, 15, 1),
    (874, 111, 4, 1),
    (875, 111, 17, 3),
    (876, 111, 6, 1),
    (877, 111, 1, 2),
    (878, 111, 9, 1),
    (879, 111, 13, 3),
    (880, 111, 16, 2),
    (881, 111, 12, 2),
    (882, 111, 19, 1),
    (883, 111, 11, 3),
    (884, 112, 1, 3),
    (885, 112, 7, 3),
    (886, 112, 4, 1),
    (887, 112, 11, 3),
    (888, 112, 19, 3),
    (889, 112, 13, 3),
    (890, 112, 17, 3),
    (891, 112, 8, 2),
    (892, 112, 12, 1),
    (893, 112, 14, 3),
    (894, 112, 18, 2),
    (895, 113, 13, 1),
    (896, 113, 7, 3),
    (897, 113, 10, 3),
    (898, 113, 20, 3),
    (899, 113, 15, 1),
    (900, 113, 4, 3),
    (901, 113, 16, 2),
    (902, 113, 14, 1),
    (903, 113, 8, 1),
    (904, 113, 6, 2),
    (905, 113, 17, 2),
    (906, 114, 4, 2),
    (907, 114, 10, 1),
    (908, 114, 13, 1),
    (909, 114, 9, 2),
    (910, 114, 15, 3),
    (911, 114, 18, 1),
    (912, 114, 1, 2),
    (913, 114, 8, 3),
    (914, 114, 19, 2),
    (915, 114, 12, 2),
    (916, 114, 6, 2),
    (917, 114, 20, 3),
    (918, 115, 18, 3),
    (919, 115, 13, 3),
    (920, 115, 6, 1),
    (921, 116, 10, 1),
    (922, 117, 4, 2),
    (923, 117, 20, 2),
    (924, 117, 14, 2),
    (925, 117, 10, 3),
    (926, 117, 7, 3),
    (927, 117, 5, 1),
    (928, 117, 9, 2),
    (929, 117, 15, 3),
    (930, 117, 6, 2),
    (931, 117, 16, 1),
    (932, 117, 1, 1),
    (933, 117, 3, 1),
    (934, 117, 19, 1),
    (935, 118, 2, 2),
    (936, 118, 7, 1),
    (937, 118, 6, 1),
    (938, 118, 4, 1),
    (939, 118, 19, 3),
    (940, 118, 12, 1),
    (941, 118, 15, 2),
    (942, 118, 20, 1),
    (943, 118, 13, 1),
    (944, 118, 9, 3),
    (945, 118, 17, 2),
    (946, 118, 1, 3),
    (947, 119, 5, 3),
    (948, 119, 19, 3),
    (949, 119, 15, 1),
    (950, 119, 9, 2),
    (951, 119, 3, 2),
    (952, 119, 4, 1),
    (953, 119, 14, 1),
    (954, 119, 10, 1),
    (955, 119, 11, 1),
    (956, 120, 20, 1),
    (957, 120, 17, 3),
    (958, 120, 12, 3),
    (959, 120, 6, 3),
    (960, 120, 4, 3),
    (961, 120, 19, 1),
    (962, 120, 2, 2),
    (963, 120, 7, 3),
    (964, 121, 9, 3),
    (965, 121, 10, 3),
    (966, 122, 13, 3),
    (967, 122, 8, 3),
    (968, 122, 5, 3),
    (969, 122, 7, 2),
    (970, 122, 20, 2),
    (971, 122, 11, 2),
    (972, 122, 1, 1),
    (973, 122, 9, 1),
    (974, 123, 10, 3),
    (975, 123, 11, 3),
    (976, 123, 20, 3),
    (977, 123, 16, 1),
    (978, 123, 6, 3),
    (979, 123, 4, 3),
    (980, 123, 13, 1),
    (981, 123, 9, 1),
    (982, 123, 2, 2),
    (983, 123, 7, 1),
    (984, 123, 8, 1),
    (985, 123, 19, 2),
    (986, 124, 15, 2),
    (987, 124, 4, 2),
    (988, 124, 11, 2),
    (989, 124, 9, 3),
    (990, 124, 7, 1),
    (991, 124, 18, 2),
    (992, 124, 8, 2),
    (993, 124, 14, 3),
    (994, 124, 17, 3),
    (995, 124, 1, 2),
    (996, 124, 12, 2),
    (997, 124, 3, 1),
    (998, 125, 3, 3),
    (999, 125, 16, 3),
    (1000, 125, 13, 2);
INSERT INTO OrderDetails (order_detail_id, order_id, product_id, quantity)
VALUES
    (1001, 125, 9, 2),
    (1002, 125, 6, 3),
    (1003, 125, 1, 1),
    (1004, 125, 7, 2),
    (1005, 125, 15, 2),
    (1006, 125, 10, 3),
    (1007, 125, 18, 1),
    (1008, 125, 12, 1),
    (1009, 125, 2, 3),
    (1010, 125, 5, 2),
    (1011, 126, 10, 1),
    (1012, 126, 18, 1),
    (1013, 126, 19, 3),
    (1014, 126, 3, 3),
    (1015, 126, 20, 2),
    (1016, 127, 1, 2),
    (1017, 127, 10, 1),
    (1018, 127, 13, 3),
    (1019, 127, 8, 1),
    (1020, 127, 3, 1),
    (1021, 127, 15, 2),
    (1022, 127, 7, 2),
    (1023, 127, 16, 1),
    (1024, 127, 5, 3),
    (1025, 127, 17, 2),
    (1026, 127, 9, 3),
    (1027, 127, 19, 3),
    (1028, 127, 4, 2),
    (1029, 127, 12, 1),
    (1030, 127, 20, 3),
    (1031, 128, 2, 1),
    (1032, 128, 20, 2),
    (1033, 128, 15, 2),
    (1034, 128, 16, 3),
    (1035, 128, 6, 2),
    (1036, 128, 1, 2),
    (1037, 128, 12, 2),
    (1038, 128, 7, 3),
    (1039, 129, 3, 2),
    (1040, 129, 5, 1),
    (1041, 129, 13, 3),
    (1042, 129, 9, 1),
    (1043, 129, 2, 3),
    (1044, 129, 16, 3),
    (1045, 129, 8, 2),
    (1046, 129, 10, 2),
    (1047, 129, 1, 2),
    (1048, 129, 6, 3),
    (1049, 130, 1, 2),
    (1050, 130, 19, 2),
    (1051, 130, 14, 1),
    (1052, 130, 8, 1),
    (1053, 130, 7, 2),
    (1054, 130, 4, 1),
    (1055, 130, 6, 1),
    (1056, 130, 10, 1),
    (1057, 130, 2, 3),
    (1058, 131, 13, 1),
    (1059, 131, 9, 2),
    (1060, 131, 8, 1),
    (1061, 131, 17, 3),
    (1062, 131, 6, 3),
    (1063, 131, 11, 2),
    (1064, 132, 7, 2),
    (1065, 132, 8, 3),
    (1066, 132, 18, 3),
    (1067, 132, 14, 3),
    (1068, 132, 2, 1),
    (1069, 132, 3, 1),
    (1070, 132, 5, 3),
    (1071, 132, 13, 3),
    (1072, 133, 10, 2),
    (1073, 133, 8, 1),
    (1074, 133, 19, 3),
    (1075, 133, 17, 2),
    (1076, 133, 4, 2),
    (1077, 133, 12, 3),
    (1078, 133, 20, 1),
    (1079, 133, 14, 3),
    (1080, 133, 16, 1),
    (1081, 134, 16, 3),
    (1082, 134, 3, 1),
    (1083, 134, 15, 3),
    (1084, 134, 6, 3),
    (1085, 134, 18, 1),
    (1086, 134, 14, 1),
    (1087, 135, 7, 3),
    (1088, 135, 9, 1),
    (1089, 135, 14, 1),
    (1090, 135, 2, 2),
    (1091, 135, 17, 1),
    (1092, 135, 16, 2),
    (1093, 135, 13, 1),
    (1094, 135, 6, 3),
    (1095, 135, 1, 3),
    (1096, 135, 12, 2),
    (1097, 135, 10, 1),
    (1098, 135, 15, 2),
    (1099, 135, 19, 1),
    (1100, 136, 13, 1),
    (1101, 136, 12, 1),
    (1102, 136, 16, 3),
    (1103, 136, 7, 1),
    (1104, 136, 3, 2),
    (1105, 137, 4, 1),
    (1106, 137, 3, 2),
    (1107, 137, 19, 2),
    (1108, 138, 5, 2),
    (1109, 138, 14, 2),
    (1110, 138, 17, 2),
    (1111, 138, 18, 2),
    (1112, 138, 16, 2),
    (1113, 138, 6, 1),
    (1114, 138, 12, 3),
    (1115, 138, 1, 2),
    (1116, 138, 9, 3),
    (1117, 138, 3, 2),
    (1118, 138, 2, 1),
    (1119, 138, 4, 1),
    (1120, 138, 13, 1),
    (1121, 139, 14, 3),
    (1122, 139, 16, 2),
    (1123, 139, 19, 1),
    (1124, 139, 1, 1),
    (1125, 139, 20, 1),
    (1126, 139, 7, 3),
    (1127, 139, 15, 3),
    (1128, 139, 8, 2),
    (1129, 140, 17, 2),
    (1130, 140, 3, 3),
    (1131, 140, 16, 1),
    (1132, 140, 12, 3),
    (1133, 140, 5, 2),
    (1134, 140, 15, 1),
    (1135, 140, 19, 3),
    (1136, 140, 11, 3),
    (1137, 140, 6, 2),
    (1138, 140, 1, 1),
    (1139, 140, 13, 2),
    (1140, 140, 18, 3),
    (1141, 140, 7, 3),
    (1142, 140, 10, 3),
    (1143, 140, 8, 1),
    (1144, 141, 14, 2),
    (1145, 142, 12, 2),
    (1146, 142, 11, 2),
    (1147, 142, 19, 3),
    (1148, 142, 7, 2),
    (1149, 142, 17, 2),
    (1150, 142, 18, 1),
    (1151, 142, 14, 3),
    (1152, 142, 6, 1),
    (1153, 142, 9, 2),
    (1154, 142, 8, 1),
    (1155, 142, 10, 1),
    (1156, 142, 4, 3),
    (1157, 142, 1, 3),
    (1158, 143, 19, 3),
    (1159, 144, 16, 1),
    (1160, 144, 1, 1),
    (1161, 144, 11, 2),
    (1162, 144, 4, 3),
    (1163, 144, 2, 2),
    (1164, 144, 3, 2),
    (1165, 144, 13, 3),
    (1166, 145, 5, 3),
    (1167, 145, 3, 3),
    (1168, 145, 10, 1),
    (1169, 146, 8, 1),
    (1170, 146, 17, 3),
    (1171, 146, 2, 1),
    (1172, 146, 11, 2),
    (1173, 147, 5, 1),
    (1174, 147, 19, 3),
    (1175, 147, 18, 2),
    (1176, 147, 7, 1),
    (1177, 147, 10, 2),
    (1178, 147, 13, 2),
    (1179, 147, 14, 3),
    (1180, 147, 12, 3),
    (1181, 147, 9, 2),
    (1182, 147, 2, 3),
    (1183, 147, 1, 3),
    (1184, 147, 16, 1),
    (1185, 148, 4, 1),
    (1186, 148, 5, 2),
    (1187, 148, 20, 3),
    (1188, 149, 18, 2),
    (1189, 149, 20, 1),
    (1190, 149, 1, 2),
    (1191, 149, 8, 2),
    (1192, 149, 4, 2),
    (1193, 149, 13, 1),
    (1194, 149, 6, 3),
    (1195, 149, 2, 2),
    (1196, 149, 10, 1),
    (1197, 150, 5, 3),
    (1198, 150, 14, 2),
    (1199, 150, 12, 3),
    (1200, 150, 15, 3),
    (1201, 150, 10, 1),
    (1202, 150, 7, 3),
    (1203, 150, 3, 3),
    (1204, 150, 9, 3),
    (1205, 150, 17, 3),
    (1206, 151, 4, 3),
    (1207, 151, 3, 2),
    (1208, 151, 20, 1),
    (1209, 151, 18, 1),
    (1210, 151, 12, 2),
    (1211, 151, 6, 3),
    (1212, 151, 17, 3),
    (1213, 151, 7, 1),
    (1214, 151, 13, 2),
    (1215, 151, 16, 3),
    (1216, 151, 9, 3),
    (1217, 151, 15, 3),
    (1218, 151, 2, 2),
    (1219, 152, 19, 1),
    (1220, 152, 18, 3),
    (1221, 152, 3, 2),
    (1222, 152, 20, 2),
    (1223, 152, 10, 1),
    (1224, 153, 16, 3),
    (1225, 153, 9, 1),
    (1226, 153, 20, 2),
    (1227, 153, 15, 3),
    (1228, 153, 1, 3),
    (1229, 153, 2, 1),
    (1230, 153, 5, 1),
    (1231, 153, 8, 1),
    (1232, 153, 18, 3),
    (1233, 153, 19, 3),
    (1234, 153, 6, 2),
    (1235, 153, 3, 1),
    (1236, 154, 16, 1),
    (1237, 154, 2, 2),
    (1238, 154, 9, 1),
    (1239, 154, 15, 2),
    (1240, 154, 17, 1),
    (1241, 154, 4, 2),
    (1242, 154, 1, 3),
    (1243, 154, 12, 2),
    (1244, 154, 6, 2),
    (1245, 154, 14, 2),
    (1246, 154, 19, 3),
    (1247, 154, 8, 3),
    (1248, 155, 13, 3),
    (1249, 155, 2, 2),
    (1250, 155, 16, 2),
    (1251, 155, 7, 3),
    (1252, 155, 4, 2),
    (1253, 155, 14, 1),
    (1254, 155, 15, 2),
    (1255, 155, 8, 3),
    (1256, 155, 20, 1),
    (1257, 155, 9, 2),
    (1258, 155, 17, 3),
    (1259, 156, 20, 3),
    (1260, 156, 19, 2),
    (1261, 156, 4, 3),
    (1262, 156, 10, 2),
    (1263, 156, 7, 1),
    (1264, 156, 3, 1),
    (1265, 156, 1, 1),
    (1266, 156, 11, 3),
    (1267, 157, 7, 2),
    (1268, 157, 9, 3),
    (1269, 157, 14, 3),
    (1270, 157, 12, 1),
    (1271, 158, 10, 2),
    (1272, 158, 14, 3),
    (1273, 158, 13, 3),
    (1274, 159, 3, 2),
    (1275, 159, 14, 1),
    (1276, 159, 11, 1),
    (1277, 159, 1, 3),
    (1278, 159, 15, 1),
    (1279, 159, 9, 3),
    (1280, 159, 16, 3),
    (1281, 159, 17, 2),
    (1282, 159, 2, 3),
    (1283, 160, 2, 2),
    (1284, 160, 18, 2),
    (1285, 160, 3, 1),
    (1286, 160, 11, 1),
    (1287, 160, 15, 2),
    (1288, 160, 20, 3),
    (1289, 160, 19, 1),
    (1290, 160, 16, 2),
    (1291, 160, 1, 3),
    (1292, 160, 17, 3),
    (1293, 160, 8, 1),
    (1294, 161, 9, 1),
    (1295, 162, 8, 2),
    (1296, 162, 2, 3),
    (1297, 162, 15, 1),
    (1298, 162, 1, 1),
    (1299, 162, 9, 3),
    (1300, 163, 4, 3),
    (1301, 163, 17, 3),
    (1302, 163, 13, 1),
    (1303, 163, 7, 1),
    (1304, 163, 9, 3),
    (1305, 163, 2, 2),
    (1306, 164, 13, 2),
    (1307, 164, 11, 2),
    (1308, 164, 2, 3),
    (1309, 164, 10, 3),
    (1310, 164, 14, 3),
    (1311, 164, 8, 2),
    (1312, 164, 18, 2),
    (1313, 164, 16, 1),
    (1314, 165, 2, 2),
    (1315, 165, 10, 2),
    (1316, 165, 11, 3),
    (1317, 165, 3, 3),
    (1318, 165, 6, 2),
    (1319, 165, 14, 3),
    (1320, 165, 1, 1),
    (1321, 165, 7, 3),
    (1322, 165, 5, 1),
    (1323, 165, 19, 1),
    (1324, 165, 17, 2),
    (1325, 165, 20, 2),
    (1326, 166, 7, 2),
    (1327, 166, 11, 3),
    (1328, 166, 13, 1),
    (1329, 166, 20, 1),
    (1330, 166, 14, 2),
    (1331, 166, 4, 1),
    (1332, 166, 19, 1),
    (1333, 167, 19, 2),
    (1334, 167, 7, 3),
    (1335, 167, 14, 2),
    (1336, 167, 8, 1),
    (1337, 167, 20, 2),
    (1338, 167, 10, 2),
    (1339, 167, 18, 1),
    (1340, 167, 13, 3),
    (1341, 167, 5, 3),
    (1342, 167, 6, 3),
    (1343, 167, 4, 1),
    (1344, 167, 1, 1),
    (1345, 168, 17, 2),
    (1346, 168, 2, 3),
    (1347, 169, 3, 2),
    (1348, 169, 13, 2),
    (1349, 169, 19, 2),
    (1350, 169, 10, 2),
    (1351, 169, 14, 3),
    (1352, 169, 11, 2),
    (1353, 169, 5, 1),
    (1354, 169, 7, 2),
    (1355, 169, 20, 2),
    (1356, 169, 8, 3),
    (1357, 169, 4, 1),
    (1358, 169, 2, 3),
    (1359, 170, 12, 1),
    (1360, 170, 4, 3),
    (1361, 170, 10, 1),
    (1362, 171, 4, 1),
    (1363, 171, 15, 1),
    (1364, 171, 5, 3),
    (1365, 171, 1, 3),
    (1366, 171, 7, 2),
    (1367, 171, 13, 2),
    (1368, 171, 2, 3),
    (1369, 171, 6, 3),
    (1370, 171, 16, 3),
    (1371, 172, 13, 2),
    (1372, 172, 20, 2),
    (1373, 172, 16, 1),
    (1374, 172, 3, 3),
    (1375, 172, 18, 3),
    (1376, 172, 14, 1),
    (1377, 173, 19, 2),
    (1378, 173, 10, 3),
    (1379, 173, 9, 1),
    (1380, 173, 4, 1),
    (1381, 173, 3, 2),
    (1382, 173, 1, 2),
    (1383, 173, 7, 3),
    (1384, 173, 14, 3),
    (1385, 174, 5, 2),
    (1386, 174, 1, 1),
    (1387, 174, 12, 2),
    (1388, 174, 3, 2),
    (1389, 174, 14, 2),
    (1390, 174, 18, 1),
    (1391, 174, 13, 2),
    (1392, 175, 20, 1),
    (1393, 175, 3, 3),
    (1394, 176, 16, 3),
    (1395, 176, 7, 3),
    (1396, 177, 10, 2),
    (1397, 177, 7, 1),
    (1398, 177, 15, 3),
    (1399, 177, 11, 1),
    (1400, 177, 19, 1),
    (1401, 177, 5, 3),
    (1402, 177, 9, 3),
    (1403, 177, 2, 1),
    (1404, 177, 17, 1),
    (1405, 177, 8, 2),
    (1406, 177, 14, 3),
    (1407, 178, 2, 2),
    (1408, 178, 11, 2),
    (1409, 178, 12, 3),
    (1410, 178, 9, 3),
    (1411, 179, 10, 2),
    (1412, 179, 8, 2),
    (1413, 179, 15, 1),
    (1414, 179, 17, 2),
    (1415, 179, 13, 1),
    (1416, 179, 1, 2),
    (1417, 179, 14, 1),
    (1418, 179, 3, 3),
    (1419, 179, 19, 2),
    (1420, 179, 16, 1),
    (1421, 180, 18, 1),
    (1422, 180, 17, 1),
    (1423, 180, 12, 2),
    (1424, 180, 6, 2),
    (1425, 180, 15, 3),
    (1426, 180, 4, 1),
    (1427, 180, 8, 2),
    (1428, 180, 2, 2),
    (1429, 180, 1, 1),
    (1430, 181, 11, 3),
    (1431, 181, 4, 3),
    (1432, 181, 10, 3),
    (1433, 181, 5, 1),
    (1434, 181, 8, 2),
    (1435, 181, 2, 3),
    (1436, 181, 12, 3),
    (1437, 181, 7, 3),
    (1438, 181, 19, 2),
    (1439, 181, 17, 3),
    (1440, 181, 6, 3),
    (1441, 181, 18, 3),
    (1442, 182, 17, 3),
    (1443, 182, 11, 3),
    (1444, 182, 13, 2),
    (1445, 182, 14, 1),
    (1446, 183, 2, 3),
    (1447, 183, 15, 2),
    (1448, 183, 16, 1),
    (1449, 183, 3, 3),
    (1450, 184, 10, 1),
    (1451, 184, 16, 3),
    (1452, 184, 5, 1),
    (1453, 184, 18, 1),
    (1454, 184, 13, 2),
    (1455, 185, 9, 1),
    (1456, 185, 13, 3),
    (1457, 185, 18, 3),
    (1458, 185, 14, 2),
    (1459, 186, 4, 2),
    (1460, 186, 17, 3),
    (1461, 187, 1, 1),
    (1462, 187, 7, 1),
    (1463, 187, 2, 1),
    (1464, 187, 11, 2),
    (1465, 187, 12, 2),
    (1466, 187, 14, 1),
    (1467, 187, 4, 1),
    (1468, 187, 16, 3),
    (1469, 187, 18, 2),
    (1470, 187, 9, 1),
    (1471, 187, 6, 1),
    (1472, 188, 16, 2),
    (1473, 188, 19, 2),
    (1474, 188, 1, 1),
    (1475, 188, 17, 3),
    (1476, 188, 10, 3),
    (1477, 188, 5, 3),
    (1478, 188, 9, 3),
    (1479, 188, 18, 3),
    (1480, 188, 7, 1),
    (1481, 188, 8, 1),
    (1482, 188, 15, 2),
    (1483, 188, 3, 2),
    (1484, 188, 13, 1),
    (1485, 189, 17, 1),
    (1486, 189, 10, 2),
    (1487, 190, 14, 3),
    (1488, 190, 3, 1),
    (1489, 190, 2, 1),
    (1490, 190, 16, 1),
    (1491, 190, 15, 2),
    (1492, 190, 5, 1),
    (1493, 190, 12, 2),
    (1494, 190, 4, 1),
    (1495, 191, 10, 2),
    (1496, 191, 20, 3),
    (1497, 191, 18, 2),
    (1498, 191, 11, 2),
    (1499, 191, 17, 3),
    (1500, 191, 15, 3),
    (1501, 191, 19, 2),
    (1502, 191, 2, 1),
    (1503, 191, 3, 2),
    (1504, 191, 14, 3),
    (1505, 191, 12, 1),
    (1506, 191, 8, 2),
    (1507, 191, 4, 2),
    (1508, 191, 16, 2),
    (1509, 191, 7, 1),
    (1510, 192, 4, 3),
    (1511, 193, 9, 1),
    (1512, 193, 5, 3),
    (1513, 193, 15, 1),
    (1514, 193, 12, 2),
    (1515, 193, 6, 2),
    (1516, 193, 11, 2),
    (1517, 193, 16, 2),
    (1518, 193, 8, 3),
    (1519, 193, 20, 1),
    (1520, 193, 4, 3),
    (1521, 194, 14, 3),
    (1522, 194, 13, 3),
    (1523, 194, 19, 3),
    (1524, 194, 17, 1),
    (1525, 194, 1, 1),
    (1526, 194, 15, 1),
    (1527, 194, 16, 2),
    (1528, 194, 11, 2),
    (1529, 194, 6, 2),
    (1530, 194, 2, 1),
    (1531, 194, 12, 2),
    (1532, 194, 10, 2),
    (1533, 194, 7, 3),
    (1534, 194, 20, 3),
    (1535, 195, 1, 1),
    (1536, 195, 7, 3),
    (1537, 195, 5, 1),
    (1538, 195, 14, 2),
    (1539, 195, 8, 2),
    (1540, 195, 13, 1),
    (1541, 195, 9, 2),
    (1542, 195, 6, 1),
    (1543, 195, 2, 1),
    (1544, 195, 4, 3),
    (1545, 195, 15, 2),
    (1546, 195, 10, 1),
    (1547, 195, 17, 3),
    (1548, 196, 9, 2),
    (1549, 196, 20, 3),
    (1550, 196, 4, 2),
    (1551, 196, 6, 3),
    (1552, 196, 12, 1),
    (1553, 196, 18, 1),
    (1554, 196, 3, 2),
    (1555, 196, 10, 2),
    (1556, 196, 1, 2),
    (1557, 196, 14, 1),
    (1558, 196, 17, 1),
    (1559, 196, 2, 2),
    (1560, 197, 11, 1),
    (1561, 197, 13, 2),
    (1562, 197, 6, 3),
    (1563, 197, 3, 1),
    (1564, 197, 5, 3),
    (1565, 198, 6, 1),
    (1566, 198, 7, 1),
    (1567, 198, 2, 1),
    (1568, 198, 18, 1),
    (1569, 198, 14, 1),
    (1570, 198, 19, 3),
    (1571, 198, 10, 3),
    (1572, 198, 15, 2),
    (1573, 198, 12, 1),
    (1574, 198, 3, 1),
    (1575, 198, 1, 2),
    (1576, 198, 5, 1),
    (1577, 198, 9, 1),
    (1578, 199, 17, 1),
    (1579, 199, 1, 1),
    (1580, 199, 14, 2),
    (1581, 199, 7, 2),
    (1582, 199, 18, 1),
    (1583, 199, 4, 2),
    (1584, 199, 5, 2),
    (1585, 199, 15, 2),
    (1586, 199, 13, 1),
    (1587, 199, 8, 2),
    (1588, 200, 3, 1),
    (1589, 200, 15, 1),
    (1590, 200, 13, 2),
    (1591, 200, 2, 3),
    (1592, 200, 11, 1),
    (1593, 200, 5, 2),
    (1594, 200, 6, 3),
    (1595, 200, 16, 2),
    (1596, 201, 2, 2),
    (1597, 201, 4, 1),
    (1598, 201, 8, 1),
    (1599, 202, 8, 1),
    (1600, 202, 1, 1),
    (1601, 202, 19, 3),
    (1602, 202, 16, 3),
    (1603, 202, 9, 1),
    (1604, 202, 13, 1),
    (1605, 202, 14, 1),
    (1606, 202, 12, 2),
    (1607, 202, 2, 1),
    (1608, 202, 7, 1),
    (1609, 202, 3, 1),
    (1610, 202, 17, 1),
    (1611, 202, 10, 3),
    (1612, 202, 20, 1),
    (1613, 202, 15, 3),
    (1614, 203, 15, 2),
    (1615, 203, 8, 2),
    (1616, 203, 18, 2),
    (1617, 203, 14, 3),
    (1618, 204, 6, 1),
    (1619, 204, 5, 1),
    (1620, 204, 13, 3),
    (1621, 204, 17, 3),
    (1622, 204, 16, 2),
    (1623, 204, 11, 1),
    (1624, 204, 3, 2),
    (1625, 204, 4, 1),
    (1626, 205, 12, 3),
    (1627, 205, 16, 2),
    (1628, 205, 14, 2),
    (1629, 205, 5, 2),
    (1630, 205, 4, 2),
    (1631, 205, 15, 1),
    (1632, 205, 20, 2),
    (1633, 205, 6, 3),
    (1634, 205, 13, 1),
    (1635, 205, 8, 1),
    (1636, 205, 7, 2),
    (1637, 206, 20, 2),
    (1638, 206, 7, 2),
    (1639, 206, 19, 2),
    (1640, 206, 2, 2),
    (1641, 207, 15, 3),
    (1642, 207, 6, 2),
    (1643, 207, 5, 1),
    (1644, 207, 4, 3),
    (1645, 207, 14, 2),
    (1646, 207, 9, 2),
    (1647, 207, 11, 2),
    (1648, 207, 20, 2),
    (1649, 207, 3, 3),
    (1650, 207, 8, 2),
    (1651, 207, 10, 1),
    (1652, 207, 18, 1),
    (1653, 207, 1, 1),
    (1654, 208, 13, 2),
    (1655, 208, 8, 1),
    (1656, 209, 3, 2),
    (1657, 209, 8, 1),
    (1658, 209, 15, 1),
    (1659, 209, 7, 2),
    (1660, 209, 4, 3),
    (1661, 209, 2, 2),
    (1662, 209, 18, 3),
    (1663, 209, 9, 3),
    (1664, 209, 12, 2),
    (1665, 209, 14, 2),
    (1666, 210, 2, 3),
    (1667, 210, 8, 1),
    (1668, 210, 1, 1),
    (1669, 210, 12, 1),
    (1670, 210, 3, 2),
    (1671, 210, 10, 1),
    (1672, 210, 9, 2),
    (1673, 210, 7, 1),
    (1674, 210, 19, 2),
    (1675, 211, 8, 1),
    (1676, 211, 3, 2),
    (1677, 212, 10, 1),
    (1678, 212, 1, 1),
    (1679, 212, 6, 3),
    (1680, 212, 5, 2),
    (1681, 212, 14, 2),
    (1682, 212, 18, 1),
    (1683, 212, 17, 3),
    (1684, 212, 4, 3),
    (1685, 213, 2, 3),
    (1686, 213, 11, 1),
    (1687, 213, 14, 2),
    (1688, 213, 12, 3),
    (1689, 213, 17, 3),
    (1690, 213, 15, 3),
    (1691, 214, 9, 1),
    (1692, 214, 18, 3),
    (1693, 214, 8, 1),
    (1694, 214, 12, 3),
    (1695, 214, 10, 1),
    (1696, 214, 7, 3),
    (1697, 214, 20, 2),
    (1698, 215, 17, 3),
    (1699, 216, 20, 1),
    (1700, 216, 12, 3),
    (1701, 216, 10, 1),
    (1702, 216, 17, 3),
    (1703, 216, 1, 3),
    (1704, 216, 9, 2),
    (1705, 216, 8, 1),
    (1706, 216, 7, 1),
    (1707, 216, 2, 3),
    (1708, 216, 5, 3),
    (1709, 216, 6, 2),
    (1710, 216, 18, 1),
    (1711, 216, 19, 1),
    (1712, 217, 16, 1),
    (1713, 217, 9, 3),
    (1714, 217, 15, 1),
    (1715, 217, 17, 1),
    (1716, 217, 4, 1),
    (1717, 217, 5, 2),
    (1718, 217, 1, 1),
    (1719, 217, 18, 3),
    (1720, 217, 3, 1),
    (1721, 217, 2, 2),
    (1722, 217, 11, 3),
    (1723, 217, 7, 3),
    (1724, 217, 12, 3),
    (1725, 217, 20, 3),
    (1726, 218, 7, 1),
    (1727, 218, 1, 1),
    (1728, 218, 20, 3),
    (1729, 218, 16, 2),
    (1730, 218, 10, 2),
    (1731, 218, 6, 3),
    (1732, 218, 12, 2),
    (1733, 218, 18, 2),
    (1734, 218, 17, 1),
    (1735, 219, 9, 3),
    (1736, 219, 7, 2),
    (1737, 219, 1, 2),
    (1738, 219, 4, 3),
    (1739, 219, 13, 3),
    (1740, 219, 8, 1),
    (1741, 219, 10, 3),
    (1742, 219, 19, 1),
    (1743, 219, 16, 2),
    (1744, 219, 15, 3),
    (1745, 219, 20, 2),
    (1746, 219, 3, 2),
    (1747, 219, 14, 1),
    (1748, 220, 5, 3),
    (1749, 220, 16, 1),
    (1750, 220, 3, 1),
    (1751, 220, 6, 3),
    (1752, 220, 18, 1),
    (1753, 220, 7, 1),
    (1754, 220, 15, 2),
    (1755, 220, 4, 3),
    (1756, 220, 2, 3),
    (1757, 220, 11, 2),
    (1758, 220, 13, 1),
    (1759, 220, 20, 1),
    (1760, 220, 9, 1),
    (1761, 220, 19, 2),
    (1762, 220, 12, 1),
    (1763, 221, 6, 1),
    (1764, 221, 15, 1),
    (1765, 221, 2, 1),
    (1766, 221, 11, 3),
    (1767, 221, 13, 2),
    (1768, 221, 1, 2),
    (1769, 221, 17, 3),
    (1770, 222, 1, 1),
    (1771, 222, 4, 3),
    (1772, 222, 2, 1),
    (1773, 222, 16, 1),
    (1774, 222, 10, 1),
    (1775, 222, 15, 2),
    (1776, 222, 9, 1),
    (1777, 223, 19, 1),
    (1778, 223, 6, 2),
    (1779, 223, 9, 3),
    (1780, 223, 14, 1),
    (1781, 223, 10, 3),
    (1782, 223, 13, 3),
    (1783, 223, 17, 3),
    (1784, 223, 8, 1),
    (1785, 223, 1, 1),
    (1786, 223, 16, 2),
    (1787, 223, 15, 3),
    (1788, 223, 7, 3),
    (1789, 223, 11, 2),
    (1790, 223, 5, 3),
    (1791, 223, 20, 2),
    (1792, 224, 11, 2),
    (1793, 224, 2, 2),
    (1794, 224, 14, 2),
    (1795, 224, 4, 3),
    (1796, 224, 13, 1),
    (1797, 224, 3, 2),
    (1798, 224, 19, 1),
    (1799, 224, 16, 3),
    (1800, 225, 18, 1),
    (1801, 225, 5, 2),
    (1802, 225, 17, 1),
    (1803, 226, 5, 1),
    (1804, 226, 10, 2),
    (1805, 226, 15, 2),
    (1806, 226, 7, 1),
    (1807, 226, 3, 1),
    (1808, 226, 6, 1),
    (1809, 226, 12, 2),
    (1810, 227, 9, 3),
    (1811, 227, 5, 1),
    (1812, 227, 10, 3),
    (1813, 227, 13, 1),
    (1814, 227, 8, 3),
    (1815, 227, 19, 3),
    (1816, 227, 20, 3),
    (1817, 227, 3, 1),
    (1818, 227, 16, 1),
    (1819, 227, 1, 2),
    (1820, 228, 13, 3),
    (1821, 228, 10, 3),
    (1822, 228, 4, 1),
    (1823, 228, 1, 2),
    (1824, 228, 12, 2),
    (1825, 228, 17, 2),
    (1826, 228, 5, 1),
    (1827, 228, 16, 2),
    (1828, 229, 9, 2),
    (1829, 229, 8, 2),
    (1830, 229, 10, 3),
    (1831, 229, 3, 1),
    (1832, 229, 14, 2),
    (1833, 230, 7, 3),
    (1834, 230, 17, 2),
    (1835, 230, 9, 3),
    (1836, 230, 10, 3),
    (1837, 231, 16, 2),
    (1838, 231, 11, 1),
    (1839, 231, 14, 2),
    (1840, 231, 4, 2),
    (1841, 231, 7, 1),
    (1842, 231, 1, 2),
    (1843, 231, 5, 1),
    (1844, 231, 15, 2),
    (1845, 231, 18, 2),
    (1846, 231, 9, 1),
    (1847, 232, 16, 2),
    (1848, 232, 4, 3),
    (1849, 232, 13, 1),
    (1850, 232, 18, 1),
    (1851, 232, 2, 3),
    (1852, 232, 10, 3),
    (1853, 232, 15, 2),
    (1854, 232, 8, 3),
    (1855, 232, 12, 2),
    (1856, 232, 19, 2),
    (1857, 232, 17, 1),
    (1858, 232, 6, 3),
    (1859, 233, 10, 2),
    (1860, 233, 8, 1),
    (1861, 233, 15, 1),
    (1862, 233, 19, 3),
    (1863, 233, 2, 2),
    (1864, 233, 1, 1),
    (1865, 233, 16, 2),
    (1866, 233, 4, 3),
    (1867, 233, 20, 2),
    (1868, 233, 14, 3),
    (1869, 233, 18, 2),
    (1870, 233, 11, 2),
    (1871, 233, 6, 2),
    (1872, 233, 12, 2),
    (1873, 234, 18, 3),
    (1874, 234, 19, 1),
    (1875, 234, 6, 2),
    (1876, 234, 1, 2),
    (1877, 234, 4, 1),
    (1878, 234, 14, 1),
    (1879, 234, 8, 2),
    (1880, 234, 7, 3),
    (1881, 234, 2, 1),
    (1882, 234, 13, 3),
    (1883, 235, 2, 2),
    (1884, 235, 13, 3),
    (1885, 235, 7, 1),
    (1886, 235, 14, 2),
    (1887, 235, 15, 2),
    (1888, 235, 16, 3),
    (1889, 235, 19, 1),
    (1890, 235, 10, 1),
    (1891, 235, 9, 1),
    (1892, 235, 1, 1),
    (1893, 236, 9, 2),
    (1894, 236, 13, 1),
    (1895, 236, 3, 2),
    (1896, 236, 17, 3),
    (1897, 236, 18, 2),
    (1898, 236, 10, 1),
    (1899, 236, 14, 1),
    (1900, 236, 2, 2),
    (1901, 236, 16, 3),
    (1902, 236, 11, 1),
    (1903, 236, 7, 3),
    (1904, 236, 8, 2),
    (1905, 237, 4, 1),
    (1906, 237, 20, 2),
    (1907, 237, 17, 3),
    (1908, 237, 10, 1),
    (1909, 237, 13, 2),
    (1910, 237, 8, 1),
    (1911, 237, 16, 3),
    (1912, 237, 9, 1),
    (1913, 237, 6, 2),
    (1914, 237, 11, 2),
    (1915, 238, 18, 2),
    (1916, 238, 17, 2),
    (1917, 238, 9, 3),
    (1918, 239, 15, 1),
    (1919, 239, 4, 3),
    (1920, 239, 5, 3),
    (1921, 240, 1, 1),
    (1922, 240, 20, 1),
    (1923, 240, 17, 1),
    (1924, 240, 19, 3),
    (1925, 240, 12, 2),
    (1926, 240, 10, 3),
    (1927, 240, 6, 2),
    (1928, 240, 4, 3),
    (1929, 240, 9, 3),
    (1930, 240, 18, 3),
    (1931, 240, 13, 1),
    (1932, 240, 2, 3),
    (1933, 240, 15, 2),
    (1934, 241, 10, 3),
    (1935, 241, 19, 1),
    (1936, 241, 13, 3),
    (1937, 241, 17, 2),
    (1938, 242, 14, 1),
    (1939, 242, 18, 1),
    (1940, 242, 8, 3),
    (1941, 242, 5, 2),
    (1942, 242, 13, 1),
    (1943, 242, 20, 3),
    (1944, 243, 14, 3),
    (1945, 243, 18, 3),
    (1946, 243, 11, 1),
    (1947, 243, 16, 2),
    (1948, 243, 9, 2),
    (1949, 243, 15, 2),
    (1950, 243, 19, 3),
    (1951, 244, 19, 2),
    (1952, 244, 11, 1),
    (1953, 244, 8, 2),
    (1954, 244, 1, 2),
    (1955, 244, 6, 2),
    (1956, 244, 9, 3),
    (1957, 244, 20, 1),
    (1958, 244, 7, 3),
    (1959, 244, 13, 3),
    (1960, 244, 10, 3),
    (1961, 244, 17, 3),
    (1962, 244, 2, 2),
    (1963, 245, 17, 3),
    (1964, 245, 4, 2),
    (1965, 245, 15, 2),
    (1966, 245, 3, 1),
    (1967, 245, 10, 3),
    (1968, 245, 20, 1),
    (1969, 245, 9, 1),
    (1970, 245, 5, 1),
    (1971, 245, 1, 2),
    (1972, 245, 6, 1),
    (1973, 245, 13, 3),
    (1974, 245, 19, 3),
    (1975, 245, 7, 2),
    (1976, 245, 14, 1),
    (1977, 246, 11, 1),
    (1978, 246, 2, 3),
    (1979, 246, 20, 2),
    (1980, 246, 4, 1),
    (1981, 246, 19, 1),
    (1982, 246, 3, 3),
    (1983, 246, 6, 1),
    (1984, 246, 1, 2),
    (1985, 246, 16, 3),
    (1986, 246, 13, 3),
    (1987, 246, 9, 2),
    (1988, 247, 20, 1),
    (1989, 247, 13, 3),
    (1990, 247, 2, 3),
    (1991, 247, 4, 3),
    (1992, 247, 7, 2),
    (1993, 247, 1, 2),
    (1994, 247, 6, 3),
    (1995, 247, 8, 2),
    (1996, 248, 9, 1),
    (1997, 248, 18, 1),
    (1998, 248, 6, 1),
    (1999, 248, 20, 2),
    (2000, 248, 14, 3);
INSERT INTO OrderDetails (order_detail_id, order_id, product_id, quantity)
VALUES
    (2001, 248, 1, 1),
    (2002, 248, 7, 2),
    (2003, 248, 8, 2),
    (2004, 248, 13, 1),
    (2005, 249, 11, 2),
    (2006, 249, 13, 2),
    (2007, 249, 12, 3),
    (2008, 249, 16, 1),
    (2009, 249, 9, 3),
    (2010, 249, 8, 1),
    (2011, 249, 19, 1),
    (2012, 249, 20, 2),
    (2013, 249, 10, 2),
    (2014, 249, 1, 1),
    (2015, 249, 2, 1),
    (2016, 249, 3, 2),
    (2017, 249, 14, 3),
    (2018, 249, 15, 3),
    (2019, 249, 7, 1),
    (2020, 250, 7, 1),
    (2021, 250, 3, 1),
    (2022, 250, 4, 2),
    (2023, 250, 19, 2),
    (2024, 250, 8, 1),
    (2025, 250, 9, 1),
    (2026, 250, 2, 3),
    (2027, 250, 11, 3),
    (2028, 251, 18, 2),
    (2029, 251, 15, 2),
    (2030, 251, 6, 1),
    (2031, 251, 7, 3),
    (2032, 251, 19, 2),
    (2033, 251, 13, 2),
    (2034, 251, 9, 3),
    (2035, 251, 10, 1),
    (2036, 252, 14, 1),
    (2037, 252, 20, 2),
    (2038, 252, 15, 2),
    (2039, 252, 13, 2),
    (2040, 252, 9, 1),
    (2041, 252, 8, 1),
    (2042, 252, 4, 1),
    (2043, 252, 5, 1),
    (2044, 252, 18, 3),
    (2045, 252, 12, 3),
    (2046, 253, 3, 3),
    (2047, 253, 13, 3),
    (2048, 253, 5, 1),
    (2049, 253, 2, 1),
    (2050, 253, 19, 2),
    (2051, 253, 17, 2),
    (2052, 253, 16, 2),
    (2053, 253, 20, 1),
    (2054, 253, 6, 1),
    (2055, 253, 15, 1),
    (2056, 254, 9, 3),
    (2057, 254, 15, 3),
    (2058, 254, 6, 1),
    (2059, 254, 4, 2),
    (2060, 254, 10, 1),
    (2061, 254, 17, 1),
    (2062, 254, 12, 3),
    (2063, 254, 19, 1),
    (2064, 254, 3, 2),
    (2065, 254, 7, 3),
    (2066, 255, 10, 3),
    (2067, 255, 20, 1),
    (2068, 255, 12, 2),
    (2069, 255, 15, 1),
    (2070, 255, 17, 3),
    (2071, 256, 7, 1),
    (2072, 256, 11, 3),
    (2073, 256, 12, 2),
    (2074, 256, 5, 1),
    (2075, 256, 3, 1),
    (2076, 256, 4, 1),
    (2077, 257, 5, 3),
    (2078, 257, 10, 2),
    (2079, 257, 9, 3),
    (2080, 257, 2, 3),
    (2081, 257, 13, 1),
    (2082, 257, 3, 3),
    (2083, 257, 8, 1),
    (2084, 257, 19, 1),
    (2085, 258, 19, 2),
    (2086, 258, 13, 2),
    (2087, 259, 7, 2),
    (2088, 259, 3, 3),
    (2089, 259, 9, 2),
    (2090, 259, 18, 3),
    (2091, 259, 16, 2),
    (2092, 259, 15, 3),
    (2093, 259, 14, 2),
    (2094, 259, 10, 2),
    (2095, 259, 2, 1),
    (2096, 259, 17, 3),
    (2097, 259, 4, 3),
    (2098, 259, 1, 3),
    (2099, 259, 5, 1),
    (2100, 260, 16, 2),
    (2101, 261, 12, 1),
    (2102, 261, 2, 3),
    (2103, 261, 6, 1),
    (2104, 261, 11, 1),
    (2105, 261, 10, 1),
    (2106, 261, 8, 3),
    (2107, 261, 9, 1),
    (2108, 261, 15, 2),
    (2109, 261, 19, 1),
    (2110, 261, 18, 3),
    (2111, 261, 20, 1),
    (2112, 261, 5, 3),
    (2113, 261, 4, 2),
    (2114, 261, 16, 2),
    (2115, 261, 17, 3),
    (2116, 262, 18, 2),
    (2117, 262, 19, 3),
    (2118, 262, 7, 1),
    (2119, 262, 12, 3),
    (2120, 262, 16, 2),
    (2121, 262, 13, 1),
    (2122, 262, 8, 2),
    (2123, 262, 5, 1),
    (2124, 263, 12, 2),
    (2125, 264, 3, 3),
    (2126, 264, 2, 1),
    (2127, 264, 9, 1),
    (2128, 264, 5, 2),
    (2129, 264, 13, 3),
    (2130, 265, 12, 3),
    (2131, 265, 2, 2),
    (2132, 265, 6, 3),
    (2133, 265, 1, 3),
    (2134, 265, 4, 2),
    (2135, 266, 20, 2),
    (2136, 266, 8, 2),
    (2137, 266, 11, 1),
    (2138, 266, 18, 3),
    (2139, 266, 16, 3),
    (2140, 266, 17, 1),
    (2141, 266, 15, 3),
    (2142, 266, 7, 2),
    (2143, 266, 19, 2),
    (2144, 266, 10, 1),
    (2145, 266, 1, 1),
    (2146, 267, 15, 2),
    (2147, 267, 13, 3),
    (2148, 267, 16, 2),
    (2149, 267, 2, 2),
    (2150, 267, 12, 2),
    (2151, 267, 6, 3),
    (2152, 267, 20, 1),
    (2153, 267, 17, 2),
    (2154, 267, 18, 1),
    (2155, 267, 19, 3),
    (2156, 267, 14, 1),
    (2157, 267, 7, 3),
    (2158, 267, 3, 1),
    (2159, 267, 10, 1),
    (2160, 268, 16, 2),
    (2161, 268, 20, 3),
    (2162, 268, 4, 2),
    (2163, 268, 8, 1),
    (2164, 268, 10, 3),
    (2165, 268, 7, 1),
    (2166, 268, 9, 1),
    (2167, 268, 14, 1),
    (2168, 268, 12, 1),
    (2169, 268, 1, 3),
    (2170, 268, 13, 3),
    (2171, 268, 11, 3),
    (2172, 268, 5, 3),
    (2173, 269, 19, 2),
    (2174, 269, 4, 1),
    (2175, 269, 18, 1),
    (2176, 269, 7, 2),
    (2177, 269, 8, 1),
    (2178, 270, 11, 1),
    (2179, 270, 10, 1),
    (2180, 270, 16, 3),
    (2181, 270, 3, 1),
    (2182, 271, 8, 1),
    (2183, 271, 7, 2),
    (2184, 272, 12, 1),
    (2185, 272, 18, 3),
    (2186, 272, 13, 1),
    (2187, 272, 16, 3),
    (2188, 272, 10, 3),
    (2189, 272, 20, 3),
    (2190, 272, 14, 3),
    (2191, 272, 2, 3),
    (2192, 273, 19, 2),
    (2193, 274, 7, 3),
    (2194, 274, 17, 3),
    (2195, 274, 13, 2),
    (2196, 274, 6, 2),
    (2197, 274, 1, 1),
    (2198, 275, 14, 2),
    (2199, 275, 1, 2),
    (2200, 275, 11, 2),
    (2201, 276, 12, 2),
    (2202, 276, 4, 3),
    (2203, 276, 13, 2),
    (2204, 276, 17, 3),
    (2205, 276, 1, 1),
    (2206, 276, 5, 1),
    (2207, 276, 10, 3),
    (2208, 276, 15, 3),
    (2209, 276, 19, 3),
    (2210, 276, 18, 2),
    (2211, 276, 6, 3),
    (2212, 276, 9, 2),
    (2213, 276, 7, 3),
    (2214, 276, 14, 2),
    (2215, 277, 17, 3),
    (2216, 277, 12, 3),
    (2217, 277, 5, 2),
    (2218, 277, 3, 3),
    (2219, 277, 10, 2),
    (2220, 277, 11, 3),
    (2221, 277, 2, 3),
    (2222, 277, 4, 2),
    (2223, 277, 1, 1),
    (2224, 277, 7, 1),
    (2225, 277, 16, 2),
    (2226, 277, 9, 3),
    (2227, 277, 15, 1),
    (2228, 277, 8, 1),
    (2229, 277, 14, 3),
    (2230, 278, 13, 3),
    (2231, 278, 5, 1),
    (2232, 278, 17, 3),
    (2233, 279, 3, 2),
    (2234, 279, 12, 3),
    (2235, 279, 13, 1),
    (2236, 280, 12, 3),
    (2237, 280, 2, 3),
    (2238, 281, 7, 3),
    (2239, 281, 18, 2),
    (2240, 282, 15, 3),
    (2241, 282, 6, 3),
    (2242, 282, 13, 1),
    (2243, 282, 5, 1),
    (2244, 282, 11, 2),
    (2245, 282, 18, 1),
    (2246, 282, 14, 2),
    (2247, 282, 17, 1),
    (2248, 282, 9, 1),
    (2249, 282, 2, 1),
    (2250, 282, 8, 2),
    (2251, 283, 19, 1),
    (2252, 283, 15, 3),
    (2253, 283, 5, 2),
    (2254, 283, 16, 3),
    (2255, 284, 12, 3),
    (2256, 284, 10, 1),
    (2257, 284, 19, 2),
    (2258, 284, 8, 3),
    (2259, 284, 17, 2),
    (2260, 284, 2, 1),
    (2261, 284, 7, 3),
    (2262, 284, 14, 1),
    (2263, 284, 11, 2),
    (2264, 285, 16, 1),
    (2265, 285, 8, 2),
    (2266, 285, 9, 1),
    (2267, 285, 5, 1),
    (2268, 285, 15, 3),
    (2269, 285, 12, 1),
    (2270, 285, 2, 3),
    (2271, 285, 6, 1),
    (2272, 286, 13, 3),
    (2273, 286, 19, 3),
    (2274, 286, 3, 1),
    (2275, 287, 14, 2),
    (2276, 287, 13, 3),
    (2277, 287, 5, 2),
    (2278, 287, 2, 1),
    (2279, 287, 10, 1),
    (2280, 287, 8, 1),
    (2281, 287, 20, 2),
    (2282, 288, 20, 1),
    (2283, 288, 7, 3),
    (2284, 288, 1, 2),
    (2285, 288, 15, 3),
    (2286, 288, 4, 2),
    (2287, 288, 3, 3),
    (2288, 288, 10, 3),
    (2289, 288, 9, 2),
    (2290, 288, 11, 3),
    (2291, 288, 8, 3),
    (2292, 288, 19, 2),
    (2293, 288, 6, 1),
    (2294, 288, 16, 3),
    (2295, 288, 2, 2),
    (2296, 289, 16, 1),
    (2297, 289, 12, 1),
    (2298, 289, 13, 3),
    (2299, 289, 20, 1),
    (2300, 289, 2, 1),
    (2301, 289, 17, 2),
    (2302, 289, 14, 1),
    (2303, 289, 18, 2),
    (2304, 289, 6, 2),
    (2305, 289, 11, 3),
    (2306, 290, 20, 3),
    (2307, 290, 7, 2),
    (2308, 290, 5, 1),
    (2309, 290, 17, 3),
    (2310, 291, 12, 1),
    (2311, 291, 2, 1),
    (2312, 291, 20, 1),
    (2313, 291, 17, 3),
    (2314, 291, 19, 2),
    (2315, 291, 15, 3),
    (2316, 291, 18, 3),
    (2317, 291, 14, 2),
    (2318, 291, 6, 1),
    (2319, 291, 1, 3),
    (2320, 291, 5, 2),
    (2321, 291, 8, 3),
    (2322, 292, 15, 1),
    (2323, 292, 13, 3),
    (2324, 292, 2, 1),
    (2325, 292, 6, 3),
    (2326, 292, 17, 3),
    (2327, 292, 7, 2),
    (2328, 292, 8, 1),
    (2329, 292, 1, 1),
    (2330, 292, 16, 3),
    (2331, 293, 17, 1),
    (2332, 293, 9, 2),
    (2333, 293, 6, 1),
    (2334, 293, 14, 3),
    (2335, 293, 18, 3),
    (2336, 293, 16, 3),
    (2337, 293, 20, 2),
    (2338, 293, 19, 2),
    (2339, 293, 5, 1),
    (2340, 293, 3, 2),
    (2341, 293, 12, 1),
    (2342, 294, 10, 1),
    (2343, 294, 19, 3),
    (2344, 294, 5, 3),
    (2345, 294, 6, 1),
    (2346, 294, 1, 1),
    (2347, 294, 16, 2),
    (2348, 294, 14, 1),
    (2349, 294, 4, 2),
    (2350, 294, 3, 2),
    (2351, 294, 13, 2),
    (2352, 294, 11, 3),
    (2353, 294, 15, 3),
    (2354, 294, 20, 2),
    (2355, 294, 2, 2),
    (2356, 295, 20, 3),
    (2357, 295, 5, 1),
    (2358, 295, 1, 1),
    (2359, 295, 4, 3),
    (2360, 295, 12, 2),
    (2361, 295, 3, 2),
    (2362, 295, 2, 3),
    (2363, 295, 14, 1),
    (2364, 295, 6, 2),
    (2365, 295, 17, 3),
    (2366, 295, 16, 1),
    (2367, 295, 11, 1),
    (2368, 295, 13, 2),
    (2369, 295, 8, 1),
    (2370, 296, 18, 2),
    (2371, 296, 13, 1),
    (2372, 296, 20, 3),
    (2373, 296, 4, 3),
    (2374, 296, 11, 2),
    (2375, 296, 10, 1),
    (2376, 296, 15, 2),
    (2377, 296, 8, 1),
    (2378, 296, 16, 2),
    (2379, 296, 19, 3),
    (2380, 296, 2, 1),
    (2381, 296, 1, 2),
    (2382, 296, 5, 2),
    (2383, 296, 12, 2),
    (2384, 297, 2, 2),
    (2385, 298, 3, 1),
    (2386, 298, 15, 1),
    (2387, 298, 12, 3),
    (2388, 298, 1, 3),
    (2389, 299, 1, 3),
    (2390, 299, 10, 3),
    (2391, 299, 8, 2),
    (2392, 299, 12, 3),
    (2393, 300, 18, 1),
    (2394, 300, 16, 1),
    (2395, 300, 7, 3),
    (2396, 300, 5, 2),
    (2397, 300, 1, 2),
    (2398, 301, 20, 1),
    (2399, 301, 9, 2),
    (2400, 301, 10, 2),
    (2401, 301, 7, 2),
    (2402, 302, 19, 3),
    (2403, 302, 4, 2),
    (2404, 302, 17, 1),
    (2405, 302, 10, 3),
    (2406, 302, 6, 1),
    (2407, 302, 2, 1),
    (2408, 302, 9, 3),
    (2409, 302, 18, 3),
    (2410, 302, 8, 3),
    (2411, 303, 11, 3),
    (2412, 303, 12, 3),
    (2413, 303, 10, 1),
    (2414, 303, 20, 3),
    (2415, 303, 7, 1),
    (2416, 304, 4, 1),
    (2417, 304, 14, 1),
    (2418, 304, 11, 2),
    (2419, 305, 7, 3),
    (2420, 305, 5, 2),
    (2421, 305, 11, 3),
    (2422, 305, 14, 2),
    (2423, 305, 17, 2),
    (2424, 305, 20, 2),
    (2425, 306, 2, 2),
    (2426, 306, 3, 2),
    (2427, 306, 11, 3),
    (2428, 306, 17, 1),
    (2429, 306, 19, 1),
    (2430, 306, 7, 2),
    (2431, 306, 4, 1),
    (2432, 306, 12, 2),
    (2433, 306, 14, 3),
    (2434, 306, 13, 2),
    (2435, 307, 11, 1),
    (2436, 307, 8, 2),
    (2437, 307, 1, 3),
    (2438, 307, 14, 2),
    (2439, 307, 6, 3),
    (2440, 307, 7, 3),
    (2441, 308, 9, 3),
    (2442, 308, 3, 2),
    (2443, 308, 12, 1),
    (2444, 308, 2, 2),
    (2445, 308, 11, 3),
    (2446, 308, 13, 2),
    (2447, 308, 20, 3),
    (2448, 308, 17, 3),
    (2449, 308, 10, 3),
    (2450, 308, 14, 2),
    (2451, 308, 5, 1),
    (2452, 308, 7, 2),
    (2453, 308, 19, 3),
    (2454, 308, 1, 1),
    (2455, 308, 8, 3),
    (2456, 309, 4, 1),
    (2457, 309, 6, 2),
    (2458, 309, 12, 1),
    (2459, 309, 7, 1),
    (2460, 309, 10, 3),
    (2461, 309, 3, 2),
    (2462, 309, 13, 1),
    (2463, 309, 14, 1),
    (2464, 310, 19, 3),
    (2465, 310, 2, 3),
    (2466, 310, 17, 3),
    (2467, 310, 9, 2),
    (2468, 310, 14, 3),
    (2469, 310, 18, 1),
    (2470, 310, 7, 1),
    (2471, 310, 13, 3),
    (2472, 310, 11, 3),
    (2473, 310, 6, 1),
    (2474, 310, 4, 1),
    (2475, 310, 3, 3),
    (2476, 311, 13, 3),
    (2477, 311, 18, 2),
    (2478, 311, 2, 2),
    (2479, 311, 12, 3),
    (2480, 311, 20, 1),
    (2481, 311, 15, 1),
    (2482, 311, 4, 2),
    (2483, 311, 10, 2),
    (2484, 312, 19, 1),
    (2485, 312, 12, 1),
    (2486, 313, 16, 3),
    (2487, 313, 18, 3),
    (2488, 313, 9, 2),
    (2489, 313, 17, 2),
    (2490, 313, 10, 2),
    (2491, 313, 5, 1),
    (2492, 313, 13, 2),
    (2493, 313, 11, 1),
    (2494, 313, 7, 2),
    (2495, 313, 1, 2),
    (2496, 313, 14, 2),
    (2497, 313, 2, 3),
    (2498, 314, 8, 3),
    (2499, 314, 12, 2),
    (2500, 315, 10, 3),
    (2501, 315, 2, 3),
    (2502, 315, 20, 3),
    (2503, 315, 8, 3),
    (2504, 315, 4, 1),
    (2505, 316, 14, 2),
    (2506, 316, 9, 1),
    (2507, 316, 7, 3),
    (2508, 316, 11, 2),
    (2509, 316, 16, 3),
    (2510, 316, 17, 2),
    (2511, 316, 5, 1),
    (2512, 316, 1, 1),
    (2513, 316, 3, 3),
    (2514, 316, 19, 2),
    (2515, 316, 8, 1),
    (2516, 317, 8, 1),
    (2517, 317, 7, 3),
    (2518, 317, 9, 2),
    (2519, 317, 15, 2),
    (2520, 318, 8, 3),
    (2521, 318, 4, 2),
    (2522, 318, 3, 2),
    (2523, 318, 20, 3),
    (2524, 318, 17, 1),
    (2525, 318, 11, 3),
    (2526, 318, 18, 2),
    (2527, 318, 9, 1),
    (2528, 318, 12, 3),
    (2529, 318, 16, 3),
    (2530, 318, 10, 1),
    (2531, 319, 2, 2),
    (2532, 319, 19, 1),
    (2533, 319, 11, 3),
    (2534, 319, 7, 1),
    (2535, 319, 8, 2),
    (2536, 319, 1, 3),
    (2537, 319, 18, 1),
    (2538, 319, 3, 3),
    (2539, 320, 9, 1),
    (2540, 320, 3, 3),
    (2541, 320, 17, 1),
    (2542, 320, 14, 3),
    (2543, 320, 2, 1),
    (2544, 321, 8, 1),
    (2545, 321, 19, 1),
    (2546, 321, 10, 3),
    (2547, 321, 4, 3),
    (2548, 321, 11, 1),
    (2549, 321, 16, 1),
    (2550, 321, 9, 3),
    (2551, 322, 16, 3),
    (2552, 322, 18, 2),
    (2553, 322, 2, 3),
    (2554, 322, 17, 3),
    (2555, 322, 10, 1),
    (2556, 322, 11, 1),
    (2557, 322, 6, 1),
    (2558, 322, 20, 3),
    (2559, 322, 19, 2),
    (2560, 323, 1, 2),
    (2561, 323, 9, 3),
    (2562, 323, 19, 1),
    (2563, 323, 5, 2),
    (2564, 323, 7, 3),
    (2565, 324, 12, 2),
    (2566, 324, 18, 3),
    (2567, 324, 5, 2),
    (2568, 324, 9, 1),
    (2569, 324, 3, 3),
    (2570, 324, 14, 1),
    (2571, 324, 8, 1),
    (2572, 324, 2, 2),
    (2573, 325, 15, 2),
    (2574, 325, 18, 2),
    (2575, 325, 20, 2),
    (2576, 325, 12, 2),
    (2577, 325, 19, 2),
    (2578, 325, 7, 3),
    (2579, 325, 5, 3),
    (2580, 325, 10, 3),
    (2581, 325, 8, 2),
    (2582, 325, 3, 1),
    (2583, 326, 9, 2),
    (2584, 326, 5, 1),
    (2585, 326, 7, 2),
    (2586, 326, 4, 2),
    (2587, 326, 16, 3),
    (2588, 326, 13, 1),
    (2589, 326, 15, 3),
    (2590, 326, 19, 3),
    (2591, 326, 10, 3),
    (2592, 327, 3, 1),
    (2593, 327, 12, 1),
    (2594, 327, 8, 1),
    (2595, 327, 11, 3),
    (2596, 328, 15, 1),
    (2597, 328, 18, 3),
    (2598, 328, 17, 2),
    (2599, 328, 19, 2),
    (2600, 328, 20, 2),
    (2601, 328, 9, 1),
    (2602, 329, 3, 1),
    (2603, 329, 19, 3),
    (2604, 329, 7, 3),
    (2605, 329, 8, 2),
    (2606, 329, 5, 2),
    (2607, 329, 9, 2),
    (2608, 329, 18, 2),
    (2609, 329, 16, 1),
    (2610, 329, 14, 2),
    (2611, 329, 17, 2),
    (2612, 329, 1, 1),
    (2613, 329, 4, 2),
    (2614, 330, 2, 1),
    (2615, 330, 3, 3),
    (2616, 330, 12, 3),
    (2617, 330, 6, 1),
    (2618, 330, 17, 1),
    (2619, 330, 13, 3),
    (2620, 330, 20, 3),
    (2621, 330, 7, 2),
    (2622, 330, 14, 2),
    (2623, 330, 8, 2),
    (2624, 331, 13, 2),
    (2625, 331, 16, 2),
    (2626, 331, 10, 2),
    (2627, 331, 5, 2),
    (2628, 331, 20, 3),
    (2629, 331, 2, 1),
    (2630, 331, 8, 1),
    (2631, 331, 15, 3),
    (2632, 332, 4, 1),
    (2633, 332, 3, 2),
    (2634, 332, 19, 2),
    (2635, 332, 16, 1),
    (2636, 332, 18, 2),
    (2637, 332, 17, 3),
    (2638, 332, 14, 1),
    (2639, 332, 1, 3),
    (2640, 332, 5, 1),
    (2641, 332, 13, 2),
    (2642, 332, 7, 3),
    (2643, 332, 12, 3),
    (2644, 332, 6, 2),
    (2645, 332, 20, 1),
    (2646, 333, 3, 2),
    (2647, 333, 20, 3),
    (2648, 333, 18, 1),
    (2649, 333, 15, 3),
    (2650, 333, 11, 2),
    (2651, 333, 14, 3),
    (2652, 333, 19, 3),
    (2653, 333, 7, 3),
    (2654, 333, 4, 3),
    (2655, 333, 13, 2),
    (2656, 333, 10, 2),
    (2657, 333, 5, 1),
    (2658, 333, 2, 1),
    (2659, 334, 14, 3),
    (2660, 334, 6, 2),
    (2661, 334, 2, 1),
    (2662, 335, 5, 1),
    (2663, 335, 20, 1),
    (2664, 335, 6, 3),
    (2665, 335, 11, 2),
    (2666, 336, 11, 3),
    (2667, 336, 2, 1),
    (2668, 336, 10, 2),
    (2669, 336, 3, 2),
    (2670, 336, 5, 3),
    (2671, 336, 4, 2),
    (2672, 336, 14, 3),
    (2673, 336, 15, 3),
    (2674, 336, 18, 3),
    (2675, 336, 6, 3),
    (2676, 337, 12, 1),
    (2677, 337, 2, 2),
    (2678, 337, 4, 3),
    (2679, 337, 10, 1),
    (2680, 337, 7, 3),
    (2681, 337, 15, 3),
    (2682, 337, 19, 2),
    (2683, 337, 1, 3),
    (2684, 337, 17, 2),
    (2685, 337, 9, 1),
    (2686, 337, 3, 3),
    (2687, 337, 18, 1),
    (2688, 337, 11, 2),
    (2689, 338, 6, 2),
    (2690, 338, 1, 3),
    (2691, 338, 20, 2),
    (2692, 338, 14, 2),
    (2693, 338, 5, 3),
    (2694, 338, 16, 3),
    (2695, 338, 4, 3),
    (2696, 338, 2, 1),
    (2697, 339, 9, 2),
    (2698, 339, 6, 3),
    (2699, 339, 2, 3),
    (2700, 340, 2, 2),
    (2701, 340, 6, 1),
    (2702, 340, 10, 1),
    (2703, 341, 20, 3),
    (2704, 341, 6, 2),
    (2705, 341, 7, 3),
    (2706, 341, 1, 1),
    (2707, 341, 16, 3),
    (2708, 341, 8, 3),
    (2709, 341, 18, 1),
    (2710, 341, 11, 2),
    (2711, 341, 19, 3),
    (2712, 341, 17, 2),
    (2713, 341, 2, 2),
    (2714, 341, 10, 1),
    (2715, 341, 12, 3),
    (2716, 342, 6, 1),
    (2717, 342, 10, 2),
    (2718, 342, 11, 1),
    (2719, 342, 3, 2),
    (2720, 342, 2, 2),
    (2721, 342, 12, 2),
    (2722, 342, 15, 1),
    (2723, 342, 16, 3),
    (2724, 342, 19, 1),
    (2725, 342, 20, 2),
    (2726, 343, 15, 3),
    (2727, 343, 9, 1),
    (2728, 343, 18, 2),
    (2729, 343, 5, 1),
    (2730, 343, 13, 3),
    (2731, 343, 8, 1),
    (2732, 343, 1, 2),
    (2733, 343, 17, 1),
    (2734, 343, 12, 3),
    (2735, 343, 16, 3),
    (2736, 343, 20, 1),
    (2737, 343, 3, 3),
    (2738, 343, 19, 3),
    (2739, 343, 11, 2),
    (2740, 343, 2, 2),
    (2741, 344, 12, 2),
    (2742, 344, 10, 1),
    (2743, 344, 16, 1),
    (2744, 344, 13, 2),
    (2745, 345, 5, 2),
    (2746, 345, 1, 2),
    (2747, 345, 13, 3),
    (2748, 345, 14, 3),
    (2749, 345, 16, 2),
    (2750, 345, 12, 1),
    (2751, 345, 6, 1),
    (2752, 345, 20, 1),
    (2753, 345, 7, 3),
    (2754, 345, 19, 3),
    (2755, 345, 2, 3),
    (2756, 345, 17, 2),
    (2757, 346, 10, 2),
    (2758, 346, 4, 2),
    (2759, 346, 5, 3),
    (2760, 346, 8, 1),
    (2761, 346, 9, 3),
    (2762, 346, 2, 3),
    (2763, 346, 16, 2),
    (2764, 346, 15, 3),
    (2765, 346, 20, 3),
    (2766, 346, 7, 2),
    (2767, 347, 10, 1),
    (2768, 347, 12, 2),
    (2769, 347, 8, 2),
    (2770, 347, 16, 1),
    (2771, 347, 20, 2),
    (2772, 347, 9, 3),
    (2773, 347, 14, 1),
    (2774, 347, 5, 2),
    (2775, 347, 6, 1),
    (2776, 347, 3, 2),
    (2777, 347, 15, 3),
    (2778, 347, 18, 1),
    (2779, 347, 13, 1),
    (2780, 347, 4, 3),
    (2781, 347, 2, 3),
    (2782, 348, 8, 1),
    (2783, 348, 15, 3),
    (2784, 348, 1, 2),
    (2785, 348, 5, 1),
    (2786, 348, 18, 3),
    (2787, 348, 17, 2),
    (2788, 348, 12, 1),
    (2789, 348, 6, 2),
    (2790, 348, 19, 1),
    (2791, 348, 16, 3),
    (2792, 349, 10, 3),
    (2793, 349, 13, 3),
    (2794, 349, 15, 3),
    (2795, 349, 14, 1),
    (2796, 349, 9, 1),
    (2797, 349, 4, 3),
    (2798, 349, 16, 3),
    (2799, 350, 7, 1),
    (2800, 350, 10, 2),
    (2801, 350, 20, 3),
    (2802, 350, 5, 3),
    (2803, 350, 13, 1),
    (2804, 350, 19, 3),
    (2805, 350, 12, 1),
    (2806, 350, 9, 1),
    (2807, 351, 2, 3),
    (2808, 351, 13, 1),
    (2809, 351, 20, 1),
    (2810, 351, 4, 2),
    (2811, 351, 9, 2),
    (2812, 351, 11, 1),
    (2813, 351, 12, 3),
    (2814, 352, 2, 3),
    (2815, 352, 4, 2),
    (2816, 352, 12, 2),
    (2817, 352, 8, 2),
    (2818, 352, 7, 1),
    (2819, 352, 20, 1),
    (2820, 352, 17, 1),
    (2821, 352, 19, 2),
    (2822, 352, 15, 1),
    (2823, 352, 6, 1),
    (2824, 352, 13, 2),
    (2825, 352, 18, 3),
    (2826, 353, 14, 2),
    (2827, 353, 8, 1),
    (2828, 353, 10, 1),
    (2829, 353, 17, 3),
    (2830, 353, 11, 3),
    (2831, 353, 2, 2),
    (2832, 353, 18, 3),
    (2833, 353, 13, 3),
    (2834, 353, 7, 3),
    (2835, 353, 6, 2),
    (2836, 353, 5, 3),
    (2837, 353, 16, 1),
    (2838, 353, 19, 1),
    (2839, 353, 3, 3),
    (2840, 353, 1, 2),
    (2841, 354, 2, 1),
    (2842, 354, 6, 2),
    (2843, 354, 14, 1),
    (2844, 354, 3, 2),
    (2845, 354, 10, 3),
    (2846, 354, 16, 3),
    (2847, 354, 1, 1),
    (2848, 354, 9, 2),
    (2849, 354, 15, 3),
    (2850, 354, 17, 2),
    (2851, 354, 13, 3),
    (2852, 354, 19, 1),
    (2853, 354, 4, 3),
    (2854, 355, 7, 2),
    (2855, 355, 3, 3),
    (2856, 355, 8, 1),
    (2857, 355, 2, 2),
    (2858, 355, 1, 3),
    (2859, 356, 6, 2),
    (2860, 356, 16, 3),
    (2861, 356, 19, 2),
    (2862, 356, 20, 2),
    (2863, 356, 11, 3),
    (2864, 356, 7, 3),
    (2865, 356, 3, 3),
    (2866, 356, 12, 1),
    (2867, 356, 2, 1),
    (2868, 356, 13, 1),
    (2869, 356, 1, 3),
    (2870, 356, 18, 1),
    (2871, 356, 17, 2),
    (2872, 356, 5, 2),
    (2873, 357, 12, 2),
    (2874, 357, 15, 3),
    (2875, 357, 9, 3),
    (2876, 357, 18, 1),
    (2877, 357, 5, 3),
    (2878, 357, 14, 3),
    (2879, 357, 11, 2),
    (2880, 357, 4, 2),
    (2881, 357, 19, 2),
    (2882, 357, 7, 3),
    (2883, 357, 17, 1),
    (2884, 357, 16, 2),
    (2885, 357, 6, 1),
    (2886, 358, 7, 3),
    (2887, 358, 5, 1),
    (2888, 358, 13, 2),
    (2889, 358, 9, 1),
    (2890, 358, 11, 2),
    (2891, 358, 20, 3),
    (2892, 359, 15, 2),
    (2893, 359, 11, 1),
    (2894, 359, 16, 3),
    (2895, 359, 20, 3),
    (2896, 359, 9, 1),
    (2897, 359, 2, 1),
    (2898, 359, 6, 1),
    (2899, 359, 3, 1),
    (2900, 359, 12, 1),
    (2901, 359, 19, 1),
    (2902, 359, 10, 2),
    (2903, 360, 9, 3),
    (2904, 360, 18, 3),
    (2905, 360, 12, 1),
    (2906, 360, 11, 1),
    (2907, 360, 16, 2),
    (2908, 360, 7, 3),
    (2909, 361, 6, 1),
    (2910, 361, 3, 1),
    (2911, 361, 11, 1),
    (2912, 361, 12, 3),
    (2913, 361, 14, 1),
    (2914, 361, 7, 3),
    (2915, 361, 4, 3),
    (2916, 361, 10, 1),
    (2917, 361, 19, 3),
    (2918, 361, 5, 1),
    (2919, 361, 16, 3),
    (2920, 361, 20, 2),
    (2921, 361, 9, 3),
    (2922, 361, 8, 2),
    (2923, 362, 3, 1),
    (2924, 362, 1, 2),
    (2925, 362, 16, 3),
    (2926, 363, 9, 3),
    (2927, 363, 14, 3),
    (2928, 363, 8, 3),
    (2929, 363, 2, 1),
    (2930, 363, 19, 2),
    (2931, 363, 12, 1),
    (2932, 363, 16, 1),
    (2933, 363, 17, 1),
    (2934, 363, 20, 3),
    (2935, 363, 5, 1),
    (2936, 363, 10, 2),
    (2937, 363, 11, 1),
    (2938, 363, 15, 3),
    (2939, 363, 7, 3),
    (2940, 364, 11, 3),
    (2941, 364, 1, 2),
    (2942, 365, 4, 2),
    (2943, 365, 10, 2),
    (2944, 366, 10, 3),
    (2945, 366, 7, 1),
    (2946, 366, 16, 3),
    (2947, 366, 2, 2),
    (2948, 366, 18, 1),
    (2949, 366, 6, 2),
    (2950, 366, 17, 1),
    (2951, 366, 4, 3),
    (2952, 366, 1, 3),
    (2953, 366, 13, 3),
    (2954, 366, 8, 1),
    (2955, 366, 15, 3),
    (2956, 367, 4, 2),
    (2957, 367, 5, 2),
    (2958, 367, 17, 2),
    (2959, 367, 8, 3),
    (2960, 367, 12, 2),
    (2961, 367, 2, 2),
    (2962, 367, 1, 2),
    (2963, 367, 19, 3),
    (2964, 367, 3, 3),
    (2965, 367, 20, 2),
    (2966, 367, 11, 1),
    (2967, 367, 15, 2),
    (2968, 367, 16, 1),
    (2969, 368, 17, 1),
    (2970, 368, 12, 3),
    (2971, 368, 16, 1),
    (2972, 368, 5, 1),
    (2973, 368, 6, 3),
    (2974, 368, 2, 3),
    (2975, 368, 11, 3),
    (2976, 368, 18, 3),
    (2977, 368, 13, 1),
    (2978, 368, 9, 3),
    (2979, 368, 14, 1),
    (2980, 369, 6, 3),
    (2981, 369, 9, 2),
    (2982, 369, 17, 2),
    (2983, 369, 19, 1),
    (2984, 370, 2, 3),
    (2985, 370, 11, 2),
    (2986, 370, 15, 1),
    (2987, 370, 13, 1),
    (2988, 370, 6, 3),
    (2989, 370, 3, 2),
    (2990, 371, 20, 2),
    (2991, 371, 16, 1),
    (2992, 371, 14, 3),
    (2993, 371, 4, 1),
    (2994, 371, 3, 1),
    (2995, 371, 13, 1),
    (2996, 371, 9, 1),
    (2997, 371, 2, 1),
    (2998, 371, 17, 3),
    (2999, 371, 6, 3),
    (3000, 371, 5, 2);
INSERT INTO OrderDetails (order_detail_id, order_id, product_id, quantity)
VALUES
    (3001, 371, 10, 2),
    (3002, 372, 3, 3),
    (3003, 372, 18, 3),
    (3004, 372, 20, 3),
    (3005, 372, 4, 3),
    (3006, 372, 13, 1),
    (3007, 372, 5, 2),
    (3008, 372, 8, 3),
    (3009, 372, 2, 1),
    (3010, 372, 1, 2),
    (3011, 372, 12, 3),
    (3012, 372, 14, 3),
    (3013, 372, 7, 2),
    (3014, 372, 9, 3),
    (3015, 372, 15, 2),
    (3016, 373, 17, 2),
    (3017, 373, 7, 3),
    (3018, 373, 19, 2),
    (3019, 374, 7, 2),
    (3020, 374, 17, 3),
    (3021, 374, 20, 2),
    (3022, 374, 2, 2),
    (3023, 374, 4, 2),
    (3024, 374, 1, 3),
    (3025, 374, 9, 2),
    (3026, 374, 14, 2),
    (3027, 374, 15, 2),
    (3028, 374, 6, 1),
    (3029, 374, 10, 2),
    (3030, 374, 8, 1),
    (3031, 374, 11, 2),
    (3032, 374, 5, 2),
    (3033, 375, 19, 1),
    (3034, 375, 6, 3),
    (3035, 375, 18, 1),
    (3036, 375, 20, 2),
    (3037, 375, 7, 3),
    (3038, 375, 9, 3),
    (3039, 375, 1, 3),
    (3040, 375, 14, 3),
    (3041, 375, 11, 3),
    (3042, 375, 13, 1),
    (3043, 375, 15, 2),
    (3044, 376, 15, 2),
    (3045, 376, 8, 1),
    (3046, 376, 20, 3),
    (3047, 376, 6, 1),
    (3048, 376, 14, 2),
    (3049, 376, 5, 3),
    (3050, 376, 2, 1),
    (3051, 377, 20, 1),
    (3052, 377, 12, 1),
    (3053, 377, 5, 1),
    (3054, 377, 2, 1),
    (3055, 377, 7, 3),
    (3056, 378, 20, 3),
    (3057, 378, 3, 1),
    (3058, 378, 12, 3),
    (3059, 378, 14, 2),
    (3060, 378, 1, 2),
    (3061, 378, 4, 1),
    (3062, 379, 16, 2),
    (3063, 379, 1, 1),
    (3064, 379, 2, 3),
    (3065, 379, 5, 1),
    (3066, 379, 18, 3),
    (3067, 379, 11, 1),
    (3068, 379, 19, 1),
    (3069, 379, 8, 3),
    (3070, 379, 17, 3),
    (3071, 379, 7, 1),
    (3072, 380, 5, 3),
    (3073, 380, 4, 2),
    (3074, 380, 8, 1),
    (3075, 380, 16, 3),
    (3076, 380, 9, 3),
    (3077, 380, 13, 1),
    (3078, 381, 1, 1),
    (3079, 381, 17, 3),
    (3080, 381, 6, 3),
    (3081, 381, 8, 1),
    (3082, 381, 13, 2),
    (3083, 381, 10, 2),
    (3084, 381, 19, 2),
    (3085, 381, 5, 2),
    (3086, 381, 16, 2),
    (3087, 381, 7, 1),
    (3088, 381, 9, 2),
    (3089, 381, 14, 3),
    (3090, 381, 2, 3),
    (3091, 382, 6, 1),
    (3092, 382, 1, 3),
    (3093, 382, 3, 1),
    (3094, 382, 7, 3),
    (3095, 382, 5, 3),
    (3096, 382, 15, 1),
    (3097, 382, 14, 1),
    (3098, 382, 11, 1),
    (3099, 382, 13, 2),
    (3100, 382, 8, 3),
    (3101, 383, 4, 1),
    (3102, 383, 17, 2),
    (3103, 383, 15, 2),
    (3104, 383, 20, 3),
    (3105, 383, 16, 3),
    (3106, 383, 10, 2),
    (3107, 383, 8, 3),
    (3108, 383, 11, 2),
    (3109, 383, 3, 2),
    (3110, 383, 9, 2),
    (3111, 384, 8, 2),
    (3112, 384, 9, 2),
    (3113, 384, 16, 3),
    (3114, 384, 1, 2),
    (3115, 384, 18, 2),
    (3116, 385, 10, 1),
    (3117, 385, 15, 2),
    (3118, 385, 13, 3),
    (3119, 385, 7, 2),
    (3120, 385, 5, 3),
    (3121, 385, 12, 1),
    (3122, 385, 2, 1),
    (3123, 385, 14, 2),
    (3124, 385, 18, 2),
    (3125, 385, 20, 2),
    (3126, 385, 3, 2),
    (3127, 385, 19, 2),
    (3128, 385, 9, 2),
    (3129, 386, 10, 1),
    (3130, 386, 19, 2),
    (3131, 386, 1, 2),
    (3132, 387, 12, 2),
    (3133, 387, 15, 3),
    (3134, 387, 18, 3),
    (3135, 387, 19, 1),
    (3136, 388, 9, 3),
    (3137, 388, 5, 2),
    (3138, 388, 17, 3),
    (3139, 388, 15, 1),
    (3140, 388, 1, 2),
    (3141, 388, 2, 1),
    (3142, 388, 20, 2),
    (3143, 388, 16, 2),
    (3144, 388, 6, 2),
    (3145, 388, 10, 1),
    (3146, 388, 18, 1),
    (3147, 389, 6, 2),
    (3148, 389, 15, 3),
    (3149, 389, 17, 3),
    (3150, 389, 2, 1),
    (3151, 389, 13, 3),
    (3152, 389, 9, 2),
    (3153, 390, 16, 3),
    (3154, 390, 12, 2),
    (3155, 390, 15, 3),
    (3156, 390, 3, 3),
    (3157, 390, 9, 2),
    (3158, 390, 19, 1),
    (3159, 390, 1, 3),
    (3160, 390, 10, 1),
    (3161, 390, 5, 3),
    (3162, 390, 7, 1),
    (3163, 390, 17, 1),
    (3164, 391, 5, 2),
    (3165, 391, 13, 1),
    (3166, 391, 4, 3),
    (3167, 391, 11, 2),
    (3168, 391, 7, 3),
    (3169, 391, 2, 2),
    (3170, 392, 7, 2),
    (3171, 392, 2, 2),
    (3172, 392, 10, 1),
    (3173, 393, 15, 3),
    (3174, 393, 3, 3),
    (3175, 393, 1, 1),
    (3176, 393, 11, 2),
    (3177, 393, 20, 2),
    (3178, 393, 4, 1),
    (3179, 393, 16, 1),
    (3180, 394, 4, 1),
    (3181, 394, 17, 2),
    (3182, 394, 7, 3),
    (3183, 394, 19, 2),
    (3184, 394, 18, 1),
    (3185, 395, 3, 2),
    (3186, 396, 20, 1),
    (3187, 396, 12, 2),
    (3188, 396, 11, 2),
    (3189, 396, 16, 2),
    (3190, 396, 6, 3),
    (3191, 396, 15, 3),
    (3192, 396, 5, 3),
    (3193, 396, 10, 1),
    (3194, 396, 9, 1),
    (3195, 396, 19, 2),
    (3196, 396, 4, 1),
    (3197, 396, 8, 1),
    (3198, 396, 13, 1),
    (3199, 396, 17, 1),
    (3200, 396, 3, 1),
    (3201, 397, 6, 3),
    (3202, 397, 17, 1),
    (3203, 397, 19, 3),
    (3204, 397, 12, 1),
    (3205, 397, 16, 2),
    (3206, 397, 10, 2),
    (3207, 398, 16, 3),
    (3208, 398, 12, 3),
    (3209, 398, 19, 2),
    (3210, 398, 9, 1),
    (3211, 398, 6, 3),
    (3212, 398, 4, 1),
    (3213, 398, 11, 1),
    (3214, 399, 15, 1),
    (3215, 399, 5, 1),
    (3216, 399, 13, 1),
    (3217, 399, 19, 3),
    (3218, 399, 4, 3),
    (3219, 399, 10, 1),
    (3220, 400, 14, 2),
    (3221, 400, 6, 2),
    (3222, 401, 16, 3),
    (3223, 401, 17, 2),
    (3224, 401, 3, 1),
    (3225, 401, 18, 2),
    (3226, 401, 9, 1),
    (3227, 401, 4, 2),
    (3228, 401, 13, 3),
    (3229, 402, 18, 1),
    (3230, 402, 16, 3),
    (3231, 402, 10, 3),
    (3232, 402, 7, 1),
    (3233, 402, 13, 3),
    (3234, 402, 5, 3),
    (3235, 402, 11, 3),
    (3236, 402, 15, 2),
    (3237, 402, 6, 3),
    (3238, 402, 3, 2),
    (3239, 402, 12, 3),
    (3240, 402, 19, 2),
    (3241, 402, 9, 1),
    (3242, 402, 1, 3),
    (3243, 402, 8, 3),
    (3244, 403, 2, 2),
    (3245, 403, 9, 2),
    (3246, 403, 13, 3),
    (3247, 403, 10, 2),
    (3248, 403, 6, 2),
    (3249, 403, 17, 3),
    (3250, 403, 20, 1),
    (3251, 403, 7, 1),
    (3252, 403, 11, 3),
    (3253, 403, 5, 1),
    (3254, 403, 18, 2),
    (3255, 403, 12, 3),
    (3256, 403, 4, 3),
    (3257, 404, 16, 2),
    (3258, 404, 19, 2),
    (3259, 404, 10, 3),
    (3260, 404, 18, 1),
    (3261, 404, 8, 3),
    (3262, 404, 7, 1),
    (3263, 404, 3, 3),
    (3264, 404, 13, 2),
    (3265, 404, 20, 1),
    (3266, 404, 15, 1),
    (3267, 404, 11, 2),
    (3268, 404, 4, 3),
    (3269, 405, 11, 2),
    (3270, 406, 11, 3),
    (3271, 406, 12, 3),
    (3272, 406, 16, 2),
    (3273, 406, 2, 1),
    (3274, 407, 5, 1),
    (3275, 407, 7, 2),
    (3276, 407, 16, 3),
    (3277, 407, 4, 2),
    (3278, 407, 20, 3),
    (3279, 407, 18, 1),
    (3280, 408, 11, 3),
    (3281, 408, 1, 1),
    (3282, 408, 17, 1),
    (3283, 408, 7, 3),
    (3284, 408, 19, 2),
    (3285, 408, 8, 2),
    (3286, 408, 14, 3),
    (3287, 408, 13, 1),
    (3288, 408, 2, 3),
    (3289, 408, 4, 3),
    (3290, 408, 3, 3),
    (3291, 408, 10, 2),
    (3292, 408, 18, 2),
    (3293, 409, 11, 3),
    (3294, 409, 7, 1),
    (3295, 409, 9, 3),
    (3296, 409, 8, 2),
    (3297, 409, 3, 1),
    (3298, 409, 17, 3),
    (3299, 409, 20, 2),
    (3300, 409, 19, 2),
    (3301, 409, 14, 2),
    (3302, 409, 13, 2),
    (3303, 409, 18, 2),
    (3304, 409, 5, 2),
    (3305, 410, 13, 2),
    (3306, 410, 19, 1),
    (3307, 410, 12, 1),
    (3308, 410, 4, 1),
    (3309, 410, 7, 3),
    (3310, 411, 11, 3),
    (3311, 411, 17, 3),
    (3312, 411, 14, 1),
    (3313, 411, 2, 2),
    (3314, 412, 9, 2),
    (3315, 413, 2, 3),
    (3316, 413, 5, 3),
    (3317, 413, 18, 2),
    (3318, 413, 7, 1),
    (3319, 413, 9, 1),
    (3320, 413, 15, 2),
    (3321, 413, 1, 1),
    (3322, 413, 3, 2),
    (3323, 413, 4, 2),
    (3324, 413, 11, 3),
    (3325, 413, 19, 3),
    (3326, 414, 3, 1),
    (3327, 414, 17, 2),
    (3328, 414, 2, 3),
    (3329, 414, 9, 3),
    (3330, 414, 10, 1),
    (3331, 414, 8, 1),
    (3332, 414, 5, 1),
    (3333, 414, 16, 1),
    (3334, 414, 12, 2),
    (3335, 414, 14, 3),
    (3336, 414, 19, 1),
    (3337, 415, 4, 3),
    (3338, 415, 1, 2),
    (3339, 415, 13, 3),
    (3340, 415, 11, 3),
    (3341, 415, 16, 2),
    (3342, 415, 17, 1),
    (3343, 415, 8, 3),
    (3344, 415, 9, 2),
    (3345, 415, 10, 2),
    (3346, 416, 17, 3),
    (3347, 416, 5, 3),
    (3348, 416, 7, 3),
    (3349, 416, 1, 1),
    (3350, 416, 13, 1),
    (3351, 416, 3, 2),
    (3352, 416, 14, 3),
    (3353, 417, 1, 3),
    (3354, 417, 17, 1),
    (3355, 417, 12, 2),
    (3356, 418, 12, 3),
    (3357, 418, 13, 3),
    (3358, 419, 13, 1),
    (3359, 419, 4, 1),
    (3360, 419, 12, 2),
    (3361, 419, 14, 1),
    (3362, 420, 1, 3),
    (3363, 420, 8, 1),
    (3364, 420, 6, 1),
    (3365, 420, 4, 1),
    (3366, 421, 9, 2),
    (3367, 421, 10, 1),
    (3368, 421, 3, 1),
    (3369, 421, 7, 1),
    (3370, 421, 4, 2),
    (3371, 421, 12, 3),
    (3372, 421, 13, 3),
    (3373, 422, 16, 2),
    (3374, 422, 5, 1),
    (3375, 422, 11, 2),
    (3376, 422, 7, 1),
    (3377, 422, 1, 1),
    (3378, 422, 4, 1),
    (3379, 422, 9, 2),
    (3380, 422, 17, 2),
    (3381, 422, 3, 2),
    (3382, 422, 12, 2),
    (3383, 422, 18, 1),
    (3384, 422, 6, 3),
    (3385, 422, 20, 1),
    (3386, 423, 18, 3),
    (3387, 423, 8, 3),
    (3388, 424, 12, 3),
    (3389, 424, 16, 3),
    (3390, 424, 17, 1),
    (3391, 424, 5, 3),
    (3392, 424, 3, 3),
    (3393, 424, 11, 2),
    (3394, 424, 2, 2),
    (3395, 424, 14, 2),
    (3396, 424, 13, 3),
    (3397, 425, 16, 3),
    (3398, 425, 6, 1),
    (3399, 425, 4, 3),
    (3400, 426, 13, 1),
    (3401, 426, 9, 3),
    (3402, 427, 2, 2),
    (3403, 427, 3, 3),
    (3404, 428, 16, 3),
    (3405, 428, 18, 1),
    (3406, 429, 9, 3),
    (3407, 429, 14, 3),
    (3408, 429, 5, 1),
    (3409, 429, 12, 2),
    (3410, 429, 17, 2),
    (3411, 429, 20, 3),
    (3412, 429, 10, 1),
    (3413, 429, 16, 1),
    (3414, 430, 15, 1),
    (3415, 430, 19, 2),
    (3416, 430, 10, 1),
    (3417, 430, 6, 2),
    (3418, 430, 20, 1),
    (3419, 430, 16, 2),
    (3420, 430, 5, 3),
    (3421, 430, 12, 2),
    (3422, 431, 11, 3),
    (3423, 431, 3, 1),
    (3424, 431, 4, 2),
    (3425, 431, 2, 3),
    (3426, 431, 8, 3),
    (3427, 431, 9, 2),
    (3428, 431, 12, 1),
    (3429, 431, 1, 3),
    (3430, 431, 17, 3),
    (3431, 431, 13, 2),
    (3432, 432, 16, 2),
    (3433, 432, 4, 2),
    (3434, 432, 20, 1),
    (3435, 432, 15, 2),
    (3436, 432, 8, 2),
    (3437, 432, 3, 1),
    (3438, 432, 17, 2),
    (3439, 433, 18, 1),
    (3440, 433, 11, 1),
    (3441, 433, 14, 1),
    (3442, 433, 10, 2),
    (3443, 433, 2, 3),
    (3444, 433, 19, 1),
    (3445, 433, 8, 3),
    (3446, 433, 9, 3),
    (3447, 433, 15, 2),
    (3448, 433, 1, 2),
    (3449, 433, 20, 3),
    (3450, 433, 17, 3),
    (3451, 433, 13, 2),
    (3452, 433, 6, 1),
    (3453, 433, 7, 3),
    (3454, 434, 3, 2),
    (3455, 434, 18, 3),
    (3456, 434, 9, 2),
    (3457, 434, 19, 3),
    (3458, 434, 14, 2),
    (3459, 434, 7, 3),
    (3460, 434, 15, 2),
    (3461, 434, 20, 2),
    (3462, 434, 2, 2),
    (3463, 435, 17, 1),
    (3464, 435, 19, 3),
    (3465, 435, 3, 3),
    (3466, 435, 5, 2),
    (3467, 435, 4, 1),
    (3468, 435, 15, 2),
    (3469, 435, 13, 2),
    (3470, 435, 2, 3),
    (3471, 435, 10, 2),
    (3472, 436, 11, 1),
    (3473, 436, 19, 2),
    (3474, 436, 12, 1),
    (3475, 436, 2, 2),
    (3476, 437, 5, 2),
    (3477, 437, 9, 2),
    (3478, 437, 19, 2),
    (3479, 437, 4, 1),
    (3480, 438, 14, 2),
    (3481, 438, 5, 3),
    (3482, 438, 18, 3),
    (3483, 438, 7, 3),
    (3484, 438, 9, 1),
    (3485, 438, 12, 1),
    (3486, 438, 15, 2),
    (3487, 438, 4, 2),
    (3488, 438, 10, 2),
    (3489, 438, 16, 2),
    (3490, 438, 6, 1),
    (3491, 439, 4, 3),
    (3492, 439, 10, 3),
    (3493, 439, 3, 3),
    (3494, 439, 17, 3),
    (3495, 439, 20, 1),
    (3496, 439, 13, 2),
    (3497, 439, 5, 2),
    (3498, 439, 14, 1),
    (3499, 439, 1, 3),
    (3500, 439, 6, 3),
    (3501, 439, 7, 2),
    (3502, 439, 16, 3),
    (3503, 439, 18, 1),
    (3504, 440, 12, 1),
    (3505, 440, 10, 1),
    (3506, 441, 16, 3),
    (3507, 441, 1, 1),
    (3508, 441, 6, 3),
    (3509, 441, 3, 3),
    (3510, 441, 10, 1),
    (3511, 441, 14, 1),
    (3512, 441, 15, 2),
    (3513, 441, 17, 1),
    (3514, 442, 2, 2),
    (3515, 442, 20, 3),
    (3516, 442, 9, 2),
    (3517, 442, 1, 2),
    (3518, 443, 16, 2),
    (3519, 443, 20, 3),
    (3520, 443, 1, 1),
    (3521, 443, 6, 3),
    (3522, 443, 5, 2),
    (3523, 444, 17, 3),
    (3524, 444, 16, 3),
    (3525, 444, 2, 3),
    (3526, 445, 4, 2),
    (3527, 445, 11, 2),
    (3528, 445, 8, 1),
    (3529, 445, 2, 3),
    (3530, 446, 5, 1),
    (3531, 446, 12, 1),
    (3532, 446, 15, 1),
    (3533, 446, 8, 3),
    (3534, 446, 11, 2),
    (3535, 446, 3, 2),
    (3536, 446, 10, 1),
    (3537, 446, 4, 3),
    (3538, 446, 9, 1),
    (3539, 446, 6, 1),
    (3540, 446, 13, 1),
    (3541, 446, 20, 3),
    (3542, 446, 2, 1),
    (3543, 447, 20, 2),
    (3544, 447, 17, 1),
    (3545, 447, 14, 1),
    (3546, 447, 4, 3),
    (3547, 447, 10, 1),
    (3548, 447, 6, 2),
    (3549, 447, 7, 3),
    (3550, 448, 7, 2),
    (3551, 448, 6, 1),
    (3552, 448, 16, 1),
    (3553, 448, 1, 3),
    (3554, 448, 17, 1),
    (3555, 448, 14, 2),
    (3556, 448, 19, 1),
    (3557, 448, 12, 2),
    (3558, 448, 2, 3),
    (3559, 448, 15, 2),
    (3560, 449, 17, 1),
    (3561, 450, 10, 3),
    (3562, 450, 5, 3),
    (3563, 450, 8, 1),
    (3564, 450, 11, 2),
    (3565, 450, 13, 2),
    (3566, 451, 9, 1),
    (3567, 451, 10, 2),
    (3568, 451, 13, 1),
    (3569, 451, 6, 3),
    (3570, 452, 7, 3),
    (3571, 452, 11, 1),
    (3572, 452, 3, 3),
    (3573, 452, 12, 1),
    (3574, 452, 14, 3),
    (3575, 452, 16, 1),
    (3576, 452, 18, 3),
    (3577, 452, 13, 2),
    (3578, 452, 2, 1),
    (3579, 452, 1, 2),
    (3580, 453, 6, 1),
    (3581, 453, 10, 1),
    (3582, 453, 1, 1),
    (3583, 453, 12, 3),
    (3584, 453, 9, 1),
    (3585, 454, 2, 1),
    (3586, 454, 6, 3),
    (3587, 454, 9, 3),
    (3588, 454, 1, 1),
    (3589, 454, 20, 2),
    (3590, 454, 5, 3),
    (3591, 454, 12, 2),
    (3592, 454, 3, 2),
    (3593, 454, 15, 3),
    (3594, 454, 11, 2),
    (3595, 455, 4, 2),
    (3596, 455, 1, 3),
    (3597, 455, 13, 3),
    (3598, 455, 7, 3),
    (3599, 455, 10, 1),
    (3600, 455, 6, 3),
    (3601, 455, 20, 3),
    (3602, 455, 19, 3),
    (3603, 455, 5, 2),
    (3604, 455, 15, 1),
    (3605, 456, 9, 2),
    (3606, 456, 12, 1),
    (3607, 456, 20, 1),
    (3608, 456, 11, 1),
    (3609, 456, 8, 3),
    (3610, 456, 13, 3),
    (3611, 456, 14, 3),
    (3612, 456, 17, 2),
    (3613, 456, 7, 2),
    (3614, 457, 13, 2),
    (3615, 457, 18, 1),
    (3616, 457, 17, 1),
    (3617, 457, 6, 2),
    (3618, 457, 10, 1),
    (3619, 457, 20, 1),
    (3620, 457, 2, 1),
    (3621, 457, 8, 1),
    (3622, 457, 11, 2),
    (3623, 457, 1, 1),
    (3624, 457, 7, 2),
    (3625, 458, 12, 2),
    (3626, 458, 19, 2),
    (3627, 458, 17, 1),
    (3628, 458, 14, 1),
    (3629, 458, 16, 3),
    (3630, 458, 11, 3),
    (3631, 458, 20, 3),
    (3632, 459, 8, 2),
    (3633, 460, 9, 2),
    (3634, 460, 4, 2),
    (3635, 460, 15, 3),
    (3636, 460, 7, 1),
    (3637, 460, 12, 3),
    (3638, 460, 14, 3),
    (3639, 460, 16, 1),
    (3640, 460, 3, 2),
    (3641, 460, 6, 1),
    (3642, 460, 17, 1),
    (3643, 460, 11, 2),
    (3644, 460, 5, 1),
    (3645, 460, 19, 2),
    (3646, 460, 18, 3),
    (3647, 461, 4, 2),
    (3648, 461, 9, 3),
    (3649, 461, 12, 3),
    (3650, 461, 20, 2),
    (3651, 461, 5, 3),
    (3652, 461, 18, 3),
    (3653, 461, 8, 1),
    (3654, 461, 6, 3),
    (3655, 461, 17, 1),
    (3656, 462, 20, 2),
    (3657, 462, 3, 2),
    (3658, 462, 19, 3),
    (3659, 462, 5, 3),
    (3660, 462, 6, 1),
    (3661, 462, 18, 1),
    (3662, 462, 15, 1),
    (3663, 462, 4, 2),
    (3664, 462, 14, 3),
    (3665, 462, 11, 1),
    (3666, 462, 9, 3),
    (3667, 462, 13, 1),
    (3668, 462, 17, 1),
    (3669, 463, 3, 3),
    (3670, 463, 19, 3),
    (3671, 463, 10, 3),
    (3672, 463, 11, 2),
    (3673, 463, 14, 2),
    (3674, 463, 17, 2),
    (3675, 463, 13, 2),
    (3676, 463, 5, 1),
    (3677, 464, 17, 3),
    (3678, 464, 6, 1),
    (3679, 464, 13, 1),
    (3680, 464, 15, 1),
    (3681, 464, 20, 2),
    (3682, 464, 8, 3),
    (3683, 464, 12, 1),
    (3684, 464, 4, 2),
    (3685, 465, 9, 2),
    (3686, 465, 6, 2),
    (3687, 465, 13, 1),
    (3688, 465, 14, 1),
    (3689, 465, 11, 2),
    (3690, 465, 17, 2),
    (3691, 465, 2, 2),
    (3692, 465, 19, 1),
    (3693, 465, 1, 1),
    (3694, 465, 15, 3),
    (3695, 465, 3, 2),
    (3696, 465, 18, 2),
    (3697, 465, 4, 2),
    (3698, 465, 12, 2),
    (3699, 465, 16, 1),
    (3700, 466, 10, 1),
    (3701, 466, 12, 2),
    (3702, 466, 18, 1),
    (3703, 466, 2, 1),
    (3704, 466, 9, 1),
    (3705, 466, 5, 3),
    (3706, 466, 3, 2),
    (3707, 466, 17, 2),
    (3708, 466, 14, 1),
    (3709, 466, 6, 1),
    (3710, 466, 16, 1),
    (3711, 467, 12, 2),
    (3712, 467, 10, 3),
    (3713, 467, 6, 1),
    (3714, 467, 1, 3),
    (3715, 467, 5, 2),
    (3716, 467, 9, 3),
    (3717, 467, 2, 3),
    (3718, 467, 17, 1),
    (3719, 467, 14, 1),
    (3720, 467, 13, 3),
    (3721, 467, 15, 2),
    (3722, 467, 3, 1),
    (3723, 467, 7, 3),
    (3724, 467, 8, 1),
    (3725, 468, 3, 2),
    (3726, 468, 14, 2),
    (3727, 468, 1, 1),
    (3728, 468, 19, 2),
    (3729, 468, 7, 2),
    (3730, 468, 20, 3),
    (3731, 468, 9, 2),
    (3732, 468, 15, 1),
    (3733, 468, 11, 2),
    (3734, 468, 16, 1),
    (3735, 469, 10, 1),
    (3736, 469, 14, 2),
    (3737, 469, 16, 1),
    (3738, 469, 9, 3),
    (3739, 469, 7, 1),
    (3740, 469, 8, 2),
    (3741, 469, 3, 2),
    (3742, 469, 13, 1),
    (3743, 469, 19, 3),
    (3744, 470, 6, 2),
    (3745, 470, 11, 3),
    (3746, 470, 16, 1),
    (3747, 470, 2, 1),
    (3748, 470, 14, 3),
    (3749, 470, 13, 3),
    (3750, 471, 15, 2),
    (3751, 471, 19, 1),
    (3752, 471, 1, 3),
    (3753, 471, 7, 2),
    (3754, 472, 11, 1),
    (3755, 473, 17, 3),
    (3756, 473, 7, 3),
    (3757, 473, 10, 2),
    (3758, 474, 17, 1),
    (3759, 474, 14, 2),
    (3760, 474, 20, 3),
    (3761, 474, 19, 2),
    (3762, 474, 7, 3),
    (3763, 474, 10, 2),
    (3764, 474, 1, 3),
    (3765, 474, 6, 2),
    (3766, 474, 11, 2),
    (3767, 474, 8, 2),
    (3768, 474, 15, 3),
    (3769, 474, 16, 3),
    (3770, 475, 3, 1),
    (3771, 475, 6, 3),
    (3772, 475, 18, 1),
    (3773, 475, 11, 1),
    (3774, 475, 9, 3),
    (3775, 475, 17, 3),
    (3776, 475, 4, 1),
    (3777, 475, 10, 3),
    (3778, 475, 8, 2),
    (3779, 475, 5, 3),
    (3780, 475, 19, 1),
    (3781, 475, 13, 2),
    (3782, 476, 12, 1),
    (3783, 476, 20, 1),
    (3784, 476, 4, 1),
    (3785, 477, 2, 3),
    (3786, 477, 3, 3),
    (3787, 477, 10, 3),
    (3788, 477, 12, 2),
    (3789, 477, 20, 2),
    (3790, 477, 5, 1),
    (3791, 477, 9, 3),
    (3792, 477, 14, 3),
    (3793, 477, 8, 2),
    (3794, 477, 16, 1),
    (3795, 477, 17, 3),
    (3796, 477, 6, 2),
    (3797, 477, 11, 3),
    (3798, 477, 19, 1),
    (3799, 478, 8, 3),
    (3800, 478, 16, 1),
    (3801, 478, 5, 2),
    (3802, 478, 11, 2),
    (3803, 478, 14, 1),
    (3804, 478, 1, 1),
    (3805, 479, 4, 1),
    (3806, 479, 6, 3),
    (3807, 479, 13, 2),
    (3808, 479, 7, 2),
    (3809, 480, 4, 3),
    (3810, 480, 18, 2),
    (3811, 480, 20, 2),
    (3812, 480, 3, 3),
    (3813, 480, 1, 2),
    (3814, 480, 5, 2),
    (3815, 480, 9, 3),
    (3816, 481, 3, 3),
    (3817, 481, 7, 3),
    (3818, 481, 9, 1),
    (3819, 481, 16, 2),
    (3820, 481, 4, 3),
    (3821, 481, 20, 3),
    (3822, 481, 11, 2),
    (3823, 481, 12, 3),
    (3824, 481, 1, 3),
    (3825, 481, 2, 1),
    (3826, 481, 8, 3),
    (3827, 481, 15, 2),
    (3828, 481, 5, 3),
    (3829, 481, 10, 2),
    (3830, 481, 6, 1),
    (3831, 482, 19, 3),
    (3832, 482, 4, 1),
    (3833, 482, 5, 3),
    (3834, 482, 9, 3),
    (3835, 482, 1, 2),
    (3836, 482, 11, 2),
    (3837, 482, 12, 1),
    (3838, 483, 9, 3),
    (3839, 483, 19, 1),
    (3840, 483, 18, 1),
    (3841, 483, 14, 2),
    (3842, 483, 10, 2),
    (3843, 483, 5, 1),
    (3844, 483, 17, 2),
    (3845, 483, 6, 2),
    (3846, 483, 11, 2),
    (3847, 483, 1, 2),
    (3848, 483, 16, 3),
    (3849, 483, 12, 2),
    (3850, 483, 8, 3),
    (3851, 484, 10, 2),
    (3852, 484, 4, 3),
    (3853, 484, 19, 2),
    (3854, 485, 5, 2),
    (3855, 485, 2, 3),
    (3856, 485, 18, 1),
    (3857, 485, 11, 1),
    (3858, 485, 15, 3),
    (3859, 485, 4, 1),
    (3860, 485, 20, 3),
    (3861, 485, 19, 2),
    (3862, 485, 8, 2),
    (3863, 485, 6, 2),
    (3864, 485, 9, 3),
    (3865, 485, 12, 3),
    (3866, 485, 7, 1),
    (3867, 485, 3, 2),
    (3868, 485, 17, 3),
    (3869, 486, 11, 1),
    (3870, 486, 13, 1),
    (3871, 486, 5, 3),
    (3872, 486, 17, 3),
    (3873, 486, 1, 2),
    (3874, 486, 19, 2),
    (3875, 486, 15, 2),
    (3876, 487, 6, 3),
    (3877, 487, 16, 2),
    (3878, 487, 8, 3),
    (3879, 487, 18, 2),
    (3880, 487, 11, 1),
    (3881, 487, 13, 3),
    (3882, 488, 6, 2),
    (3883, 488, 13, 3),
    (3884, 488, 15, 1),
    (3885, 488, 8, 1),
    (3886, 488, 2, 3),
    (3887, 488, 18, 2),
    (3888, 488, 7, 3),
    (3889, 488, 17, 2),
    (3890, 489, 17, 2),
    (3891, 489, 6, 1),
    (3892, 489, 11, 1),
    (3893, 489, 10, 2),
    (3894, 490, 12, 2),
    (3895, 490, 10, 3),
    (3896, 490, 14, 2),
    (3897, 490, 5, 3),
    (3898, 490, 4, 2),
    (3899, 490, 3, 1),
    (3900, 490, 1, 2),
    (3901, 490, 19, 1),
    (3902, 490, 11, 2),
    (3903, 491, 6, 3),
    (3904, 491, 4, 1),
    (3905, 491, 1, 3),
    (3906, 492, 7, 1),
    (3907, 492, 20, 2),
    (3908, 492, 17, 2),
    (3909, 492, 16, 1),
    (3910, 492, 3, 2),
    (3911, 492, 10, 2),
    (3912, 492, 13, 2),
    (3913, 492, 11, 2),
    (3914, 492, 4, 2),
    (3915, 492, 2, 1),
    (3916, 492, 9, 2),
    (3917, 492, 14, 3),
    (3918, 492, 18, 2),
    (3919, 492, 19, 3),
    (3920, 493, 7, 3),
    (3921, 493, 2, 1),
    (3922, 493, 3, 3),
    (3923, 493, 6, 1),
    (3924, 493, 19, 2),
    (3925, 494, 12, 2),
    (3926, 494, 19, 3),
    (3927, 495, 7, 3),
    (3928, 495, 5, 2),
    (3929, 496, 12, 1),
    (3930, 496, 15, 3),
    (3931, 496, 17, 1),
    (3932, 496, 19, 2),
    (3933, 496, 4, 1),
    (3934, 496, 1, 1),
    (3935, 496, 13, 3),
    (3936, 496, 14, 3),
    (3937, 496, 10, 2),
    (3938, 496, 16, 1),
    (3939, 496, 18, 2),
    (3940, 497, 12, 3),
    (3941, 497, 2, 2),
    (3942, 497, 15, 3),
    (3943, 497, 8, 2),
    (3944, 497, 18, 1),
    (3945, 497, 6, 3),
    (3946, 497, 1, 1),
    (3947, 497, 7, 2),
    (3948, 497, 13, 3),
    (3949, 497, 10, 1),
    (3950, 498, 1, 2),
    (3951, 498, 9, 2),
    (3952, 498, 4, 2),
    (3953, 498, 17, 1),
    (3954, 498, 16, 3),
    (3955, 498, 3, 1),
    (3956, 499, 16, 2),
    (3957, 499, 19, 1),
    (3958, 499, 3, 1),
    (3959, 500, 6, 1),
    (3960, 500, 18, 3),
    (3961, 500, 5, 3),
    (3962, 500, 2, 2),
    (3963, 500, 3, 2),
    (3964, 500, 19, 3),
    (3965, 501, 18, 1),
    (3966, 501, 19, 3),
    (3967, 501, 4, 1),
    (3968, 501, 3, 2),
    (3969, 501, 11, 1),
    (3970, 501, 2, 2),
    (3971, 501, 6, 2),
    (3972, 501, 1, 2),
    (3973, 501, 7, 3),
    (3974, 501, 17, 3),
    (3975, 501, 16, 2),
    (3976, 502, 19, 2),
    (3977, 502, 20, 1),
    (3978, 503, 10, 1),
    (3979, 503, 2, 1),
    (3980, 503, 3, 2),
    (3981, 503, 6, 3),
    (3982, 503, 20, 1),
    (3983, 503, 16, 3),
    (3984, 503, 4, 3),
    (3985, 503, 17, 3),
    (3986, 503, 1, 2),
    (3987, 503, 9, 3),
    (3988, 503, 11, 1),
    (3989, 503, 5, 3),
    (3990, 504, 12, 1),
    (3991, 504, 20, 1),
    (3992, 504, 14, 2),
    (3993, 504, 9, 1),
    (3994, 504, 18, 1),
    (3995, 504, 6, 2),
    (3996, 505, 18, 3),
    (3997, 505, 4, 1),
    (3998, 505, 20, 2),
    (3999, 505, 11, 2),
    (4000, 505, 8, 3);
INSERT INTO OrderDetails (order_detail_id, order_id, product_id, quantity)
VALUES
    (4001, 505, 19, 1),
    (4002, 505, 16, 3),
    (4003, 505, 9, 2),
    (4004, 505, 2, 2),
    (4005, 505, 13, 2),
    (4006, 506, 19, 1),
    (4007, 506, 5, 1),
    (4008, 506, 4, 3),
    (4009, 506, 16, 2),
    (4010, 506, 14, 2),
    (4011, 506, 11, 1),
    (4012, 506, 12, 2),
    (4013, 506, 3, 3),
    (4014, 506, 10, 3),
    (4015, 506, 17, 3),
    (4016, 506, 20, 1),
    (4017, 506, 13, 2),
    (4018, 506, 7, 3),
    (4019, 507, 13, 1),
    (4020, 508, 20, 1),
    (4021, 508, 14, 1),
    (4022, 508, 19, 3),
    (4023, 508, 15, 3),
    (4024, 508, 10, 2),
    (4025, 508, 9, 2),
    (4026, 509, 11, 1),
    (4027, 509, 14, 1),
    (4028, 509, 3, 2),
    (4029, 510, 19, 1),
    (4030, 510, 5, 1),
    (4031, 510, 1, 1),
    (4032, 510, 4, 1),
    (4033, 510, 6, 3),
    (4034, 510, 18, 2),
    (4035, 510, 8, 2),
    (4036, 511, 12, 2),
    (4037, 511, 3, 1),
    (4038, 511, 2, 2),
    (4039, 511, 7, 2),
    (4040, 511, 6, 2),
    (4041, 512, 7, 1),
    (4042, 512, 13, 1),
    (4043, 512, 3, 2),
    (4044, 512, 1, 2),
    (4045, 512, 2, 3),
    (4046, 512, 5, 3),
    (4047, 512, 12, 3),
    (4048, 512, 16, 3),
    (4049, 512, 18, 3),
    (4050, 513, 4, 1),
    (4051, 513, 10, 3),
    (4052, 514, 20, 2),
    (4053, 514, 1, 2),
    (4054, 514, 11, 3),
    (4055, 514, 6, 1),
    (4056, 514, 18, 3),
    (4057, 514, 16, 2),
    (4058, 514, 2, 3),
    (4059, 515, 6, 2),
    (4060, 515, 9, 2),
    (4061, 515, 12, 2),
    (4062, 516, 6, 2),
    (4063, 516, 7, 1),
    (4064, 516, 19, 2),
    (4065, 516, 5, 2),
    (4066, 516, 13, 2),
    (4067, 516, 15, 1),
    (4068, 516, 17, 2),
    (4069, 516, 2, 1),
    (4070, 516, 12, 3),
    (4071, 516, 18, 2),
    (4072, 516, 1, 2),
    (4073, 516, 14, 1),
    (4074, 516, 9, 2),
    (4075, 516, 3, 2),
    (4076, 517, 20, 1),
    (4077, 517, 19, 2),
    (4078, 517, 6, 1),
    (4079, 517, 9, 1),
    (4080, 517, 5, 1),
    (4081, 517, 1, 3),
    (4082, 517, 11, 3),
    (4083, 517, 2, 1),
    (4084, 518, 8, 3),
    (4085, 518, 16, 3),
    (4086, 518, 13, 1),
    (4087, 518, 12, 2),
    (4088, 518, 11, 2),
    (4089, 518, 3, 1),
    (4090, 518, 15, 2),
    (4091, 518, 20, 2),
    (4092, 518, 7, 2),
    (4093, 518, 2, 3),
    (4094, 518, 5, 2),
    (4095, 518, 4, 3),
    (4096, 519, 16, 2),
    (4097, 519, 6, 2),
    (4098, 519, 18, 2),
    (4099, 519, 12, 2),
    (4100, 519, 1, 1),
    (4101, 519, 15, 3),
    (4102, 519, 20, 2),
    (4103, 519, 19, 2),
    (4104, 519, 17, 3),
    (4105, 519, 5, 2),
    (4106, 520, 16, 3),
    (4107, 520, 17, 2),
    (4108, 520, 3, 3),
    (4109, 520, 6, 3),
    (4110, 520, 15, 2),
    (4111, 520, 18, 3),
    (4112, 520, 1, 1),
    (4113, 520, 20, 1),
    (4114, 520, 9, 1),
    (4115, 520, 13, 1),
    (4116, 521, 12, 2),
    (4117, 522, 17, 1),
    (4118, 522, 18, 3),
    (4119, 522, 11, 1),
    (4120, 523, 6, 1),
    (4121, 523, 19, 1),
    (4122, 523, 1, 3),
    (4123, 523, 13, 1),
    (4124, 523, 18, 2),
    (4125, 523, 16, 2),
    (4126, 524, 18, 2),
    (4127, 524, 20, 1),
    (4128, 524, 11, 2),
    (4129, 524, 5, 1),
    (4130, 525, 18, 2),
    (4131, 525, 12, 2),
    (4132, 525, 10, 3),
    (4133, 525, 14, 3),
    (4134, 525, 15, 3),
    (4135, 525, 11, 2),
    (4136, 525, 13, 1),
    (4137, 525, 2, 2),
    (4138, 525, 17, 2),
    (4139, 525, 4, 3),
    (4140, 525, 3, 3),
    (4141, 525, 1, 1),
    (4142, 526, 7, 2),
    (4143, 526, 3, 2),
    (4144, 526, 9, 1),
    (4145, 526, 15, 3),
    (4146, 526, 6, 2),
    (4147, 526, 12, 3),
    (4148, 526, 10, 2),
    (4149, 526, 14, 3),
    (4150, 526, 17, 3),
    (4151, 526, 2, 2),
    (4152, 526, 4, 3),
    (4153, 526, 8, 3),
    (4154, 526, 18, 2),
    (4155, 526, 5, 1),
    (4156, 527, 6, 3),
    (4157, 527, 1, 3),
    (4158, 527, 4, 1),
    (4159, 527, 12, 3),
    (4160, 527, 7, 3),
    (4161, 527, 15, 2),
    (4162, 527, 3, 3),
    (4163, 527, 8, 2),
    (4164, 527, 19, 1),
    (4165, 527, 18, 3),
    (4166, 527, 13, 1),
    (4167, 527, 16, 2),
    (4168, 527, 17, 2),
    (4169, 527, 20, 1),
    (4170, 527, 2, 1),
    (4171, 528, 15, 2),
    (4172, 528, 6, 3),
    (4173, 528, 4, 1),
    (4174, 528, 10, 2),
    (4175, 528, 9, 2),
    (4176, 528, 13, 3),
    (4177, 528, 20, 2),
    (4178, 528, 1, 1),
    (4179, 528, 16, 1),
    (4180, 528, 2, 3),
    (4181, 529, 7, 3),
    (4182, 529, 20, 2),
    (4183, 529, 10, 3),
    (4184, 529, 16, 1),
    (4185, 530, 2, 3),
    (4186, 530, 13, 3),
    (4187, 531, 6, 2),
    (4188, 531, 8, 3),
    (4189, 531, 14, 3),
    (4190, 531, 12, 2),
    (4191, 531, 10, 1),
    (4192, 531, 3, 2),
    (4193, 531, 15, 1),
    (4194, 531, 16, 3),
    (4195, 531, 18, 3),
    (4196, 531, 4, 2),
    (4197, 531, 9, 2),
    (4198, 532, 3, 1),
    (4199, 532, 13, 1),
    (4200, 532, 12, 2),
    (4201, 532, 2, 2),
    (4202, 532, 8, 2),
    (4203, 532, 4, 3),
    (4204, 533, 12, 1),
    (4205, 533, 4, 1),
    (4206, 533, 2, 2),
    (4207, 533, 5, 2),
    (4208, 533, 3, 1),
    (4209, 534, 5, 2),
    (4210, 535, 14, 1),
    (4211, 535, 16, 3),
    (4212, 535, 17, 1),
    (4213, 535, 8, 1),
    (4214, 535, 19, 2),
    (4215, 535, 7, 1),
    (4216, 536, 8, 2),
    (4217, 536, 7, 2),
    (4218, 536, 12, 3),
    (4219, 536, 16, 2),
    (4220, 536, 3, 3),
    (4221, 536, 15, 2),
    (4222, 536, 18, 3),
    (4223, 536, 9, 1),
    (4224, 536, 4, 3),
    (4225, 536, 11, 2),
    (4226, 536, 19, 2),
    (4227, 536, 2, 3),
    (4228, 536, 17, 3),
    (4229, 536, 13, 2),
    (4230, 536, 5, 2),
    (4231, 537, 15, 1),
    (4232, 537, 13, 2),
    (4233, 537, 12, 3),
    (4234, 537, 2, 3),
    (4235, 537, 3, 2),
    (4236, 537, 4, 2),
    (4237, 537, 1, 1),
    (4238, 537, 10, 3),
    (4239, 538, 8, 2),
    (4240, 538, 19, 3),
    (4241, 538, 20, 2),
    (4242, 538, 2, 2),
    (4243, 538, 18, 1),
    (4244, 538, 4, 3),
    (4245, 538, 11, 1),
    (4246, 538, 15, 3),
    (4247, 538, 16, 1),
    (4248, 538, 3, 2),
    (4249, 538, 14, 1),
    (4250, 538, 13, 1),
    (4251, 538, 12, 2),
    (4252, 538, 7, 3),
    (4253, 538, 17, 1),
    (4254, 539, 10, 1),
    (4255, 539, 13, 3),
    (4256, 539, 6, 2),
    (4257, 540, 5, 3),
    (4258, 540, 6, 1),
    (4259, 540, 4, 3),
    (4260, 540, 15, 1),
    (4261, 540, 10, 3),
    (4262, 540, 11, 3),
    (4263, 540, 19, 2),
    (4264, 540, 18, 1),
    (4265, 540, 14, 2),
    (4266, 540, 2, 1),
    (4267, 540, 13, 2),
    (4268, 540, 3, 2),
    (4269, 540, 1, 2),
    (4270, 540, 16, 3),
    (4271, 540, 7, 2),
    (4272, 541, 11, 3),
    (4273, 541, 5, 2),
    (4274, 541, 15, 2),
    (4275, 541, 8, 2),
    (4276, 541, 12, 3),
    (4277, 541, 20, 3),
    (4278, 541, 13, 1),
    (4279, 541, 9, 1),
    (4280, 541, 10, 2),
    (4281, 541, 7, 1),
    (4282, 541, 1, 3),
    (4283, 541, 3, 3),
    (4284, 541, 2, 3),
    (4285, 541, 17, 1),
    (4286, 542, 13, 3),
    (4287, 542, 4, 2),
    (4288, 542, 15, 1),
    (4289, 542, 20, 2),
    (4290, 542, 17, 2),
    (4291, 542, 8, 3),
    (4292, 542, 16, 1),
    (4293, 542, 12, 1),
    (4294, 542, 3, 1),
    (4295, 542, 14, 3),
    (4296, 542, 1, 1),
    (4297, 542, 5, 2),
    (4298, 542, 19, 2),
    (4299, 543, 6, 3),
    (4300, 543, 16, 1),
    (4301, 543, 11, 1),
    (4302, 543, 15, 2),
    (4303, 543, 8, 1),
    (4304, 543, 9, 1),
    (4305, 544, 14, 2),
    (4306, 544, 20, 3),
    (4307, 544, 7, 2),
    (4308, 544, 18, 3),
    (4309, 544, 13, 3),
    (4310, 544, 5, 1),
    (4311, 544, 6, 2),
    (4312, 544, 4, 3),
    (4313, 545, 3, 3),
    (4314, 545, 9, 3),
    (4315, 545, 16, 1),
    (4316, 545, 2, 3),
    (4317, 545, 17, 2),
    (4318, 545, 5, 1),
    (4319, 545, 1, 3),
    (4320, 545, 15, 1),
    (4321, 545, 20, 3),
    (4322, 545, 11, 1),
    (4323, 545, 10, 2),
    (4324, 545, 13, 2),
    (4325, 545, 8, 1),
    (4326, 546, 7, 3),
    (4327, 546, 14, 1),
    (4328, 546, 2, 2),
    (4329, 546, 10, 2),
    (4330, 546, 16, 3),
    (4331, 546, 6, 2),
    (4332, 546, 8, 2),
    (4333, 546, 19, 2),
    (4334, 547, 10, 3),
    (4335, 547, 17, 2),
    (4336, 547, 2, 2),
    (4337, 547, 4, 1),
    (4338, 547, 6, 3),
    (4339, 547, 11, 1),
    (4340, 547, 15, 3),
    (4341, 547, 7, 3),
    (4342, 547, 16, 3),
    (4343, 547, 20, 3),
    (4344, 548, 6, 1),
    (4345, 548, 8, 1),
    (4346, 548, 5, 3),
    (4347, 548, 9, 1),
    (4348, 548, 4, 2),
    (4349, 548, 15, 3),
    (4350, 548, 20, 2),
    (4351, 548, 14, 2),
    (4352, 549, 8, 3),
    (4353, 550, 9, 3),
    (4354, 550, 10, 2),
    (4355, 550, 20, 3),
    (4356, 550, 14, 1),
    (4357, 551, 16, 2),
    (4358, 551, 15, 2),
    (4359, 551, 17, 2),
    (4360, 551, 10, 2),
    (4361, 551, 5, 3),
    (4362, 551, 19, 2),
    (4363, 551, 18, 1),
    (4364, 551, 14, 2),
    (4365, 551, 6, 2),
    (4366, 551, 1, 2),
    (4367, 551, 3, 3),
    (4368, 551, 8, 1),
    (4369, 552, 20, 1),
    (4370, 552, 4, 2),
    (4371, 552, 13, 3),
    (4372, 552, 12, 3),
    (4373, 552, 1, 2),
    (4374, 552, 2, 2),
    (4375, 552, 6, 1),
    (4376, 552, 8, 2),
    (4377, 552, 3, 2),
    (4378, 552, 5, 3),
    (4379, 552, 19, 3),
    (4380, 552, 11, 3),
    (4381, 552, 14, 3),
    (4382, 552, 16, 1),
    (4383, 553, 15, 1),
    (4384, 553, 6, 2),
    (4385, 554, 14, 3),
    (4386, 554, 15, 2),
    (4387, 554, 8, 2),
    (4388, 554, 2, 1),
    (4389, 554, 6, 1),
    (4390, 554, 9, 3),
    (4391, 554, 10, 2),
    (4392, 555, 6, 3),
    (4393, 555, 12, 1),
    (4394, 556, 3, 3),
    (4395, 556, 13, 3),
    (4396, 556, 4, 3),
    (4397, 556, 7, 1),
    (4398, 556, 20, 3),
    (4399, 556, 1, 1),
    (4400, 556, 6, 3),
    (4401, 556, 15, 3),
    (4402, 556, 8, 1),
    (4403, 556, 18, 2),
    (4404, 556, 5, 1),
    (4405, 556, 19, 1),
    (4406, 557, 5, 2),
    (4407, 557, 10, 3),
    (4408, 557, 14, 1),
    (4409, 557, 7, 3),
    (4410, 557, 3, 2),
    (4411, 557, 11, 1),
    (4412, 557, 19, 2),
    (4413, 557, 1, 1),
    (4414, 557, 12, 3),
    (4415, 557, 18, 2),
    (4416, 557, 9, 1),
    (4417, 557, 4, 3),
    (4418, 557, 13, 1),
    (4419, 557, 15, 2),
    (4420, 558, 18, 2),
    (4421, 558, 7, 1),
    (4422, 558, 14, 2),
    (4423, 558, 20, 1),
    (4424, 558, 17, 2),
    (4425, 558, 4, 2),
    (4426, 558, 3, 3),
    (4427, 558, 8, 2),
    (4428, 558, 1, 1),
    (4429, 558, 15, 2),
    (4430, 558, 12, 1),
    (4431, 558, 19, 2),
    (4432, 558, 10, 2),
    (4433, 558, 5, 1),
    (4434, 558, 11, 3),
    (4435, 559, 5, 1),
    (4436, 559, 2, 3),
    (4437, 559, 9, 3),
    (4438, 559, 10, 3),
    (4439, 560, 10, 1),
    (4440, 560, 20, 1),
    (4441, 560, 14, 1),
    (4442, 560, 8, 2),
    (4443, 560, 17, 2),
    (4444, 560, 1, 2),
    (4445, 560, 5, 1),
    (4446, 560, 12, 2),
    (4447, 560, 16, 2),
    (4448, 560, 4, 1),
    (4449, 560, 15, 1),
    (4450, 560, 9, 1),
    (4451, 560, 11, 2),
    (4452, 560, 3, 2),
    (4453, 561, 6, 3),
    (4454, 561, 10, 2),
    (4455, 561, 17, 3),
    (4456, 561, 4, 1),
    (4457, 561, 1, 3),
    (4458, 561, 15, 2),
    (4459, 561, 12, 1),
    (4460, 561, 8, 1),
    (4461, 562, 20, 3),
    (4462, 562, 5, 2),
    (4463, 562, 14, 2),
    (4464, 562, 10, 2),
    (4465, 562, 19, 1),
    (4466, 562, 3, 3),
    (4467, 562, 17, 2),
    (4468, 562, 16, 2),
    (4469, 562, 8, 1),
    (4470, 562, 1, 3),
    (4471, 562, 18, 1),
    (4472, 562, 4, 3),
    (4473, 562, 11, 1),
    (4474, 563, 12, 1),
    (4475, 563, 13, 2),
    (4476, 563, 2, 1),
    (4477, 563, 7, 2),
    (4478, 563, 19, 1),
    (4479, 563, 9, 1),
    (4480, 563, 15, 3),
    (4481, 563, 4, 2),
    (4482, 563, 14, 1),
    (4483, 563, 8, 1),
    (4484, 563, 18, 1),
    (4485, 563, 16, 1),
    (4486, 564, 12, 3),
    (4487, 564, 8, 2),
    (4488, 564, 17, 2),
    (4489, 564, 13, 1),
    (4490, 564, 20, 3),
    (4491, 564, 19, 1),
    (4492, 564, 11, 1),
    (4493, 564, 1, 3),
    (4494, 564, 15, 3),
    (4495, 564, 2, 3),
    (4496, 564, 16, 1),
    (4497, 565, 11, 2),
    (4498, 565, 5, 3),
    (4499, 565, 20, 2),
    (4500, 565, 6, 2),
    (4501, 565, 13, 3),
    (4502, 565, 4, 1),
    (4503, 565, 14, 2),
    (4504, 565, 7, 3),
    (4505, 565, 15, 3),
    (4506, 565, 10, 2),
    (4507, 565, 1, 1),
    (4508, 565, 2, 1),
    (4509, 566, 2, 1),
    (4510, 566, 19, 1),
    (4511, 566, 11, 2),
    (4512, 566, 4, 3),
    (4513, 566, 18, 2),
    (4514, 566, 16, 2),
    (4515, 567, 20, 2),
    (4516, 567, 9, 3),
    (4517, 567, 17, 1),
    (4518, 567, 19, 2),
    (4519, 567, 7, 3),
    (4520, 567, 8, 2),
    (4521, 568, 11, 2),
    (4522, 569, 12, 3),
    (4523, 569, 20, 2),
    (4524, 569, 10, 2),
    (4525, 569, 11, 1),
    (4526, 569, 5, 3),
    (4527, 569, 16, 3),
    (4528, 569, 4, 2),
    (4529, 569, 8, 2),
    (4530, 569, 2, 3),
    (4531, 569, 15, 1),
    (4532, 570, 20, 2),
    (4533, 570, 10, 1),
    (4534, 570, 15, 2),
    (4535, 570, 9, 1),
    (4536, 570, 11, 3),
    (4537, 570, 18, 3),
    (4538, 570, 16, 1),
    (4539, 570, 4, 3),
    (4540, 570, 17, 1),
    (4541, 570, 8, 2),
    (4542, 570, 13, 1),
    (4543, 570, 1, 3),
    (4544, 571, 2, 3),
    (4545, 571, 4, 3),
    (4546, 571, 20, 1),
    (4547, 571, 10, 2),
    (4548, 571, 5, 1),
    (4549, 571, 17, 2),
    (4550, 572, 6, 2),
    (4551, 572, 2, 2),
    (4552, 572, 8, 2),
    (4553, 572, 18, 3),
    (4554, 572, 5, 3),
    (4555, 572, 1, 2),
    (4556, 572, 13, 3),
    (4557, 572, 16, 3),
    (4558, 572, 15, 1),
    (4559, 573, 19, 2),
    (4560, 573, 11, 2),
    (4561, 573, 12, 2),
    (4562, 573, 7, 1),
    (4563, 573, 17, 3),
    (4564, 573, 1, 3),
    (4565, 573, 2, 1),
    (4566, 573, 20, 2),
    (4567, 573, 13, 1),
    (4568, 573, 16, 3),
    (4569, 573, 8, 2),
    (4570, 574, 10, 3),
    (4571, 574, 5, 3),
    (4572, 574, 14, 2),
    (4573, 574, 2, 1),
    (4574, 574, 19, 3),
    (4575, 575, 3, 1),
    (4576, 575, 5, 1),
    (4577, 575, 20, 2),
    (4578, 575, 11, 3),
    (4579, 575, 15, 1),
    (4580, 575, 7, 1),
    (4581, 575, 1, 1),
    (4582, 575, 10, 3),
    (4583, 575, 12, 1),
    (4584, 575, 6, 2),
    (4585, 575, 2, 3),
    (4586, 575, 16, 2),
    (4587, 575, 9, 1),
    (4588, 575, 4, 3),
    (4589, 575, 19, 3),
    (4590, 576, 3, 3),
    (4591, 576, 12, 2),
    (4592, 576, 13, 2),
    (4593, 576, 20, 2),
    (4594, 576, 16, 3),
    (4595, 576, 1, 2),
    (4596, 576, 18, 2),
    (4597, 576, 9, 2),
    (4598, 576, 5, 1),
    (4599, 576, 7, 3),
    (4600, 576, 10, 3),
    (4601, 576, 15, 2),
    (4602, 576, 6, 2),
    (4603, 576, 19, 1),
    (4604, 576, 14, 3),
    (4605, 577, 20, 2),
    (4606, 577, 4, 1),
    (4607, 577, 18, 3),
    (4608, 577, 2, 3),
    (4609, 577, 1, 3),
    (4610, 578, 12, 3),
    (4611, 578, 4, 2),
    (4612, 579, 6, 2),
    (4613, 579, 10, 1),
    (4614, 579, 13, 1),
    (4615, 579, 15, 1),
    (4616, 579, 18, 3),
    (4617, 579, 19, 3),
    (4618, 579, 1, 1),
    (4619, 579, 20, 3),
    (4620, 579, 9, 1),
    (4621, 579, 16, 1),
    (4622, 579, 5, 1),
    (4623, 579, 7, 1),
    (4624, 579, 17, 1),
    (4625, 579, 8, 3),
    (4626, 579, 14, 3),
    (4627, 580, 18, 3),
    (4628, 580, 19, 2),
    (4629, 580, 4, 3),
    (4630, 580, 12, 1),
    (4631, 580, 10, 1),
    (4632, 580, 13, 2),
    (4633, 581, 8, 1),
    (4634, 581, 12, 3),
    (4635, 581, 19, 2),
    (4636, 581, 16, 3),
    (4637, 581, 17, 3),
    (4638, 581, 9, 2),
    (4639, 581, 18, 2),
    (4640, 582, 18, 1),
    (4641, 582, 7, 1),
    (4642, 582, 10, 1),
    (4643, 583, 18, 2),
    (4644, 583, 17, 2),
    (4645, 583, 9, 1),
    (4646, 583, 20, 2),
    (4647, 583, 4, 2),
    (4648, 583, 3, 1),
    (4649, 583, 19, 2),
    (4650, 584, 15, 3),
    (4651, 584, 12, 3),
    (4652, 585, 20, 2),
    (4653, 585, 1, 2),
    (4654, 585, 12, 1),
    (4655, 585, 5, 3),
    (4656, 585, 9, 1),
    (4657, 585, 14, 1),
    (4658, 586, 17, 2),
    (4659, 586, 12, 3),
    (4660, 587, 11, 3),
    (4661, 587, 6, 3),
    (4662, 587, 5, 1),
    (4663, 587, 9, 2),
    (4664, 587, 13, 2),
    (4665, 587, 18, 3),
    (4666, 588, 6, 1),
    (4667, 588, 20, 2),
    (4668, 588, 5, 2),
    (4669, 588, 10, 1),
    (4670, 588, 13, 3),
    (4671, 588, 3, 1),
    (4672, 588, 17, 2),
    (4673, 588, 11, 3),
    (4674, 588, 9, 3),
    (4675, 588, 16, 3),
    (4676, 588, 4, 1),
    (4677, 588, 19, 2),
    (4678, 589, 8, 2),
    (4679, 589, 9, 2),
    (4680, 589, 6, 1),
    (4681, 589, 20, 1),
    (4682, 589, 13, 3),
    (4683, 589, 5, 1),
    (4684, 589, 10, 3),
    (4685, 589, 18, 2),
    (4686, 589, 14, 1),
    (4687, 589, 4, 2),
    (4688, 590, 18, 1),
    (4689, 590, 8, 3),
    (4690, 590, 13, 1),
    (4691, 590, 10, 2),
    (4692, 590, 11, 3),
    (4693, 590, 4, 2),
    (4694, 590, 9, 3),
    (4695, 590, 1, 1),
    (4696, 590, 17, 2),
    (4697, 590, 19, 1),
    (4698, 590, 12, 1),
    (4699, 590, 5, 1),
    (4700, 590, 7, 2),
    (4701, 591, 15, 3),
    (4702, 592, 8, 1),
    (4703, 592, 10, 2),
    (4704, 592, 3, 1),
    (4705, 592, 12, 2),
    (4706, 592, 14, 2),
    (4707, 593, 9, 1),
    (4708, 593, 5, 2),
    (4709, 593, 11, 3),
    (4710, 593, 14, 1),
    (4711, 593, 15, 2),
    (4712, 594, 19, 1),
    (4713, 594, 17, 2),
    (4714, 594, 13, 3),
    (4715, 594, 11, 2),
    (4716, 594, 8, 1),
    (4717, 595, 8, 1),
    (4718, 595, 17, 2),
    (4719, 595, 16, 2),
    (4720, 595, 11, 3),
    (4721, 595, 12, 1),
    (4722, 595, 20, 1),
    (4723, 595, 14, 2),
    (4724, 595, 2, 3),
    (4725, 595, 9, 1),
    (4726, 595, 1, 2),
    (4727, 595, 19, 2),
    (4728, 595, 15, 2),
    (4729, 596, 15, 1),
    (4730, 596, 2, 2),
    (4731, 596, 3, 2),
    (4732, 596, 10, 3),
    (4733, 596, 6, 2),
    (4734, 596, 19, 2),
    (4735, 596, 7, 1),
    (4736, 596, 16, 1),
    (4737, 597, 8, 3),
    (4738, 597, 4, 1),
    (4739, 597, 9, 1),
    (4740, 597, 12, 1),
    (4741, 597, 3, 2),
    (4742, 597, 10, 1),
    (4743, 597, 11, 1),
    (4744, 597, 1, 1),
    (4745, 597, 20, 1),
    (4746, 598, 20, 2),
    (4747, 598, 18, 3),
    (4748, 598, 13, 1),
    (4749, 598, 11, 2),
    (4750, 598, 2, 3),
    (4751, 599, 10, 2),
    (4752, 599, 5, 3),
    (4753, 599, 1, 2),
    (4754, 599, 2, 2),
    (4755, 599, 15, 2),
    (4756, 599, 11, 3),
    (4757, 599, 20, 2),
    (4758, 599, 18, 2),
    (4759, 599, 4, 3),
    (4760, 600, 8, 2),
    (4761, 600, 7, 1),
    (4762, 600, 16, 2),
    (4763, 600, 11, 3),
    (4764, 600, 10, 1),
    (4765, 600, 18, 1),
    (4766, 600, 1, 3);
SET IDENTITY_INSERT OrderDetails OFF;



-- Populate Expenses
SET IDENTITY_INSERT Expenses ON;
INSERT INTO Expenses (expense_id, coffee_store_id, cost, date, expense_type) VALUES
                                                                                 (1, 1, 589.0, '2024-08-01', 'Electricity'),
                                                                                 (2, 1, 440.39, '2024-08-01', 'Water'),
                                                                                 (3, 1, 15502.51, '2024-08-01', 'Salaries'),
                                                                                 (4, 1, 498.38, '2024-08-01', 'Rent'),
                                                                                 (5, 1, 608.77, '2024-08-01', 'Equipment'),
                                                                                 (6, 1, 666.03, '2024-08-01', 'Repairs'),
                                                                                 (7, 2, 475.29, '2024-08-01', 'Electricity'),
                                                                                 (8, 2, 525.62, '2024-08-01', 'Water'),
                                                                                 (9, 2, 15488.76, '2024-08-01', 'Salaries'),
                                                                                 (10, 2, 431.86, '2024-08-01', 'Rent'),
                                                                                 (11, 2, 736.62, '2024-08-01', 'Equipment'),
                                                                                 (12, 3, 411.83, '2024-08-01', 'Electricity'),
                                                                                 (13, 3, 549.06, '2024-08-01', 'Water'),
                                                                                 (14, 3, 16132.6, '2024-08-01', 'Salaries'),
                                                                                 (15, 3, 433.23, '2024-08-01', 'Rent'),
                                                                                 (16, 3, 234.65, '2024-08-01', 'Marketing'),
                                                                                 (17, 3, 543.15, '2024-08-01', 'Equipment'),
                                                                                 (18, 3, 783.55, '2024-08-01', 'Repairs'),
                                                                                 (19, 1, 554.97, '2024-08-31', 'Electricity'),
                                                                                 (20, 1, 491.68, '2024-08-31', 'Water'),
                                                                                 (21, 1, 15493.67, '2024-08-31', 'Salaries'),
                                                                                 (22, 1, 422.96, '2024-08-31', 'Rent'),
                                                                                 (23, 1, 958.87, '2024-08-31', 'Equipment'),
                                                                                 (24, 1, 462.08, '2024-08-31', 'Repairs'),
                                                                                 (25, 2, 525.28, '2024-08-31', 'Electricity'),
                                                                                 (26, 2, 520.06, '2024-08-31', 'Water'),
                                                                                 (27, 2, 15264.5, '2024-08-31', 'Salaries'),
                                                                                 (28, 2, 460.27, '2024-08-31', 'Rent'),
                                                                                 (29, 2, 839.83, '2024-08-31', 'Equipment'),
                                                                                 (30, 3, 508.94, '2024-08-31', 'Electricity'),
                                                                                 (31, 3, 462.11, '2024-08-31', 'Water'),
                                                                                 (32, 3, 15798.62, '2024-08-31', 'Salaries'),
                                                                                 (33, 3, 463.41, '2024-08-31', 'Rent'),
                                                                                 (34, 3, 637.55, '2024-08-31', 'Repairs'),
                                                                                 (35, 1, 480.17, '2024-09-30', 'Electricity'),
                                                                                 (36, 1, 512.27, '2024-09-30', 'Water'),
                                                                                 (37, 1, 15534.61, '2024-09-30', 'Salaries'),
                                                                                 (38, 1, 455.59, '2024-09-30', 'Rent'),
                                                                                 (39, 2, 576.14, '2024-09-30', 'Electricity'),
                                                                                 (40, 2, 501.54, '2024-09-30', 'Water'),
                                                                                 (41, 2, 16361.11, '2024-09-30', 'Salaries'),
                                                                                 (42, 2, 418.29, '2024-09-30', 'Rent'),
                                                                                 (43, 2, 731.9, '2024-09-30', 'Equipment'),
                                                                                 (44, 2, 212.87, '2024-09-30', 'Repairs'),
                                                                                 (45, 3, 538.28, '2024-09-30', 'Electricity'),
                                                                                 (46, 3, 528.12, '2024-09-30', 'Water'),
                                                                                 (47, 3, 16220.03, '2024-09-30', 'Salaries'),
                                                                                 (48, 3, 401.41, '2024-09-30', 'Rent'),
                                                                                 (49, 3, 682.87, '2024-09-30', 'Repairs'),
                                                                                 (50, 1, 421.28, '2024-10-30', 'Electricity'),
                                                                                 (51, 1, 516.44, '2024-10-30', 'Water'),
                                                                                 (52, 1, 15019.27, '2024-10-30', 'Salaries'),
                                                                                 (53, 1, 440.17, '2024-10-30', 'Rent'),
                                                                                 (54, 2, 544.85, '2024-10-30', 'Electricity'),
                                                                                 (55, 2, 526.95, '2024-10-30', 'Water'),
                                                                                 (56, 2, 16625.93, '2024-10-30', 'Salaries'),
                                                                                 (57, 2, 466.64, '2024-10-30', 'Rent'),
                                                                                 (58, 2, 813.47, '2024-10-30', 'Equipment'),
                                                                                 (59, 2, 799.09, '2024-10-30', 'Repairs'),
                                                                                 (60, 3, 499.88, '2024-10-30', 'Electricity'),
                                                                                 (61, 3, 483.95, '2024-10-30', 'Water'),
                                                                                 (62, 3, 16415.41, '2024-10-30', 'Salaries'),
                                                                                 (63, 3, 466.48, '2024-10-30', 'Rent'),
                                                                                 (64, 3, 467.32, '2024-10-30', 'Marketing'),
                                                                                 (65, 3, 926.14, '2024-10-30', 'Equipment'),
                                                                                 (66, 3, 371.44, '2024-10-30', 'Repairs'),
                                                                                 (67, 1, 542.4, '2024-11-29', 'Electricity'),
                                                                                 (68, 1, 528.24, '2024-11-29', 'Water'),
                                                                                 (69, 1, 15912.92, '2024-11-29', 'Salaries'),
                                                                                 (70, 1, 449.25, '2024-11-29', 'Rent'),
                                                                                 (71, 1, 349.3, '2024-11-29', 'Marketing'),
                                                                                 (72, 1, 763.14, '2024-11-29', 'Repairs'),
                                                                                 (73, 2, 565.94, '2024-11-29', 'Electricity'),
                                                                                 (74, 2, 435.0, '2024-11-29', 'Water'),
                                                                                 (75, 2, 16711.82, '2024-11-29', 'Salaries'),
                                                                                 (76, 2, 479.47, '2024-11-29', 'Rent'),
                                                                                 (77, 3, 447.51, '2024-11-29', 'Electricity'),
                                                                                 (78, 3, 473.82, '2024-11-29', 'Water'),
                                                                                 (79, 3, 16992.14, '2024-11-29', 'Salaries'),
                                                                                 (80, 3, 411.38, '2024-11-29', 'Rent'),
                                                                                 (81, 3, 495.06, '2024-11-29', 'Marketing'),
                                                                                 (82, 1, 444.02, '2024-12-29', 'Electricity'),
                                                                                 (83, 1, 492.49, '2024-12-29', 'Water'),
                                                                                 (84, 1, 16649.35, '2024-12-29', 'Salaries'),
                                                                                 (85, 1, 414.14, '2024-12-29', 'Rent'),
                                                                                 (86, 1, 305.3, '2024-12-29', 'Marketing'),
                                                                                 (87, 2, 563.97, '2024-12-29', 'Electricity'),
                                                                                 (88, 2, 426.89, '2024-12-29', 'Water'),
                                                                                 (89, 2, 15369.02, '2024-12-29', 'Salaries'),
                                                                                 (90, 2, 402.43, '2024-12-29', 'Rent'),
                                                                                 (91, 2, 281.6, '2024-12-29', 'Marketing'),
                                                                                 (92, 2, 941.42, '2024-12-29', 'Equipment'),
                                                                                 (93, 3, 534.86, '2024-12-29', 'Electricity'),
                                                                                 (94, 3, 543.54, '2024-12-29', 'Water'),
                                                                                 (95, 3, 15724.29, '2024-12-29', 'Salaries'),
                                                                                 (96, 3, 459.26, '2024-12-29', 'Rent'),
                                                                                 (97, 3, 449.11, '2024-12-29', 'Marketing'),
                                                                                 (98, 3, 931.51, '2024-12-29', 'Equipment'),
                                                                                 (99, 1, 454.83, '2025-01-28', 'Electricity'),
                                                                                 (100, 1, 467.91, '2025-01-28', 'Water'),
                                                                                 (101, 1, 15473.82, '2025-01-28', 'Salaries'),
                                                                                 (102, 1, 460.96, '2025-01-28', 'Rent'),
                                                                                 (103, 1, 292.45, '2025-01-28', 'Marketing'),
                                                                                 (104, 1, 693.29, '2025-01-28', 'Repairs'),
                                                                                 (105, 2, 426.96, '2025-01-28', 'Electricity'),
                                                                                 (106, 2, 500.63, '2025-01-28', 'Water'),
                                                                                 (107, 2, 15452.35, '2025-01-28', 'Salaries'),
                                                                                 (108, 2, 460.79, '2025-01-28', 'Rent'),
                                                                                 (109, 2, 398.58, '2025-01-28', 'Marketing'),
                                                                                 (110, 2, 341.4, '2025-01-28', 'Equipment'),
                                                                                 (111, 2, 612.39, '2025-01-28', 'Repairs'),
                                                                                 (112, 3, 549.73, '2025-01-28', 'Electricity'),
                                                                                 (113, 3, 534.55, '2025-01-28', 'Water'),
                                                                                 (114, 3, 16843.43, '2025-01-28', 'Salaries'),
                                                                                 (115, 3, 444.15, '2025-01-28', 'Rent'),
                                                                                 (116, 3, 494.68, '2025-01-28', 'Marketing'),
                                                                                 (117, 3, 496.45, '2025-01-28', 'Repairs'),
                                                                                 (118, 1, 484.7, '2025-02-27', 'Electricity'),
                                                                                 (119, 1, 505.52, '2025-02-27', 'Water'),
                                                                                 (120, 1, 15879.38, '2025-02-27', 'Salaries'),
                                                                                 (121, 1, 417.82, '2025-02-27', 'Rent'),
                                                                                 (122, 1, 380.78, '2025-02-27', 'Equipment'),
                                                                                 (123, 1, 677.82, '2025-02-27', 'Repairs'),
                                                                                 (124, 2, 409.45, '2025-02-27', 'Electricity'),
                                                                                 (125, 2, 471.07, '2025-02-27', 'Water'),
                                                                                 (126, 2, 15865.05, '2025-02-27', 'Salaries'),
                                                                                 (127, 2, 490.36, '2025-02-27', 'Rent'),
                                                                                 (128, 2, 507.81, '2025-02-27', 'Equipment'),
                                                                                 (129, 2, 531.83, '2025-02-27', 'Repairs'),
                                                                                 (130, 3, 468.92, '2025-02-27', 'Electricity'),
                                                                                 (131, 3, 491.0, '2025-02-27', 'Water'),
                                                                                 (132, 3, 15563.45, '2025-02-27', 'Salaries'),
                                                                                 (133, 3, 485.79, '2025-02-27', 'Rent'),
                                                                                 (134, 1, 437.36, '2025-03-29', 'Electricity'),
                                                                                 (135, 1, 439.25, '2025-03-29', 'Water'),
                                                                                 (136, 1, 15274.72, '2025-03-29', 'Salaries'),
                                                                                 (137, 1, 443.46, '2025-03-29', 'Rent'),
                                                                                 (138, 2, 553.9, '2025-03-29', 'Electricity'),
                                                                                 (139, 2, 449.58, '2025-03-29', 'Water'),
                                                                                 (140, 2, 16881.81, '2025-03-29', 'Salaries'),
                                                                                 (141, 2, 413.5, '2025-03-29', 'Rent'),
                                                                                 (142, 2, 361.45, '2025-03-29', 'Marketing'),
                                                                                 (143, 2, 788.88, '2025-03-29', 'Equipment'),
                                                                                 (144, 3, 405.09, '2025-03-29', 'Electricity'),
                                                                                 (145, 3, 424.23, '2025-03-29', 'Water'),
                                                                                 (146, 3, 15419.03, '2025-03-29', 'Salaries'),
                                                                                 (147, 3, 471.61, '2025-03-29', 'Rent'),
                                                                                 (148, 1, 524.33, '2025-04-28', 'Electricity'),
                                                                                 (149, 1, 440.79, '2025-04-28', 'Water'),
                                                                                 (150, 1, 15990.09, '2025-04-28', 'Salaries'),
                                                                                 (151, 1, 484.99, '2025-04-28', 'Rent'),
                                                                                 (152, 1, 667.64, '2025-04-28', 'Equipment'),
                                                                                 (153, 2, 523.34, '2025-04-28', 'Electricity'),
                                                                                 (154, 2, 484.62, '2025-04-28', 'Water'),
                                                                                 (155, 2, 15336.43, '2025-04-28', 'Salaries'),
                                                                                 (156, 2, 442.01, '2025-04-28', 'Rent'),
                                                                                 (157, 2, 407.79, '2025-04-28', 'Equipment'),
                                                                                 (158, 2, 977.3, '2025-04-28', 'Repairs'),
                                                                                 (159, 3, 584.67, '2025-04-28', 'Electricity'),
                                                                                 (160, 3, 423.65, '2025-04-28', 'Water'),
                                                                                 (161, 3, 16817.03, '2025-04-28', 'Salaries'),
                                                                                 (162, 3, 453.72, '2025-04-28', 'Rent'),
                                                                                 (163, 3, 540.58, '2025-04-28', 'Equipment'),
                                                                                 (164, 3, 320.33, '2025-04-28', 'Repairs');
SET IDENTITY_INSERT Expenses OFF;